port, timestamp,snr,signal,noise,ms
C,1764315256.075,1,0
G,1764315298,13.0691,-16.747461667,13.9
p1,1764315318.6138,3.558,-6.9,-42.49,35.59
p1,1764315318.7311,3.551,-6.879,-45.02,38.14
p1,1764315318.8630,3.549,-6.746,-42.02,35.27
p1,1764315322.2382,3.564,-3.203,-33.49,30.28
p1,1764315322.3555,3.528,-6.38,-44.51,38.13
p1,1764315322.4873,3.506,-11.56,-39.87,28.3
p1,1764315332.3200,3.503,-3.309,-38.54,35.23
p1,1764315332.3420,3.507,-3.18,-41.42,38.24
p1,1764315332.4593,3.553,-3.039,-38.68,35.64
p1,1764315332.5911,3.51,-12.39,-50.73,38.34
p1,1764315342.4239,3.558,-11.71,-52.06,40.34
p1,1764315342.4459,3.562,-11.73,-46.87,35.14
p1,1764315342.5632,3.559,-11.79,-40.42,28.63
p1,1764315342.6950,3.559,-11.7,-49.69,38
p1,1764315352.4678,3.488,-6.743,-36.91,30.17
p1,1764315352.4899,3.49,-6.812,-35.31,28.49
p1,1764315352.6073,3.486,-7.212,-40.43,33.21
p1,1764315352.7397,3.489,-6.43,-34.76,28.33
G,1764315358,13.069093333,-16.747463333,15.6
C,1764315358.972,4,0
p1,1764315362.5690,3.511,-17.05,-47.27,30.21
p1,1764315362.5910,3.514,-16.9,-50.81,33.91
p1,1764315362.7083,3.512,-16.92,-57.29,40.37
p1,1764315362.8400,3.51,-17.82,-50.26,32.43
p1,1764315372.6685,3.443,-43.34,-76.7,33.36
p1,1764315372.6905,3.447,-43.11,-76.71,33.59
p1,1764315372.8077,3.444,-43.8,-73.55,29.75
p1,1764315372.9395,3.443,-42.8,-75.99,33.18
p1,1764315382.7680,3.422,-57.7,-78.5,20.76
p1,1764315382.7900,3.432,-57.69,-77.78,20.05
p1,1764315382.9070,3.426,-58.24,-77.53,19.24
p1,1764315383.0390,3.41,-58.99,-77.56,18.51
p1,1764315392.8672,3.411,-46.4,-72.35,25.94
p1,1764315392.8892,3.417,-46.58,-74.33,27.74
p1,1764315393.0065,3.416,-48.4,-77.43,29.02
p1,1764315393.1382,3.415,-50.27,-75.67,25.39
p1,1764315402.9667,3.475,-31.54,-66.24,34.7
p1,1764315402.9887,3.479,-31.22,-68.47,37.24
p1,1764315403.1059,3.478,-29.8,-65.02,35.22
p1,1764315403.2377,3.471,-31.26,-68.67,37.41
p1,1764315413.0661,3.499,-28.79,-66.9,38.11
p1,1764315413.0881,3.5,-29.08,-64.28,35.2
p1,1764315413.2054,3.485,-26.69,-55.13,28.44
p1,1764315413.3371,3.479,-24.93,-60.31,35.38
G,1764315418,13.069093333,-16.747458333,17.4
p1,1764315423.1657,3.495,-7.615,-38.06,30.44
p1,1764315423.1877,3.497,-7.51,-35.78,28.26
p1,1764315423.3047,3.493,-7.328,-42.19,34.86
p1,1764315423.4368,3.496,-7.745,-36.23,28.48
p1,1764315433.2650,3.511,-13.51,-43.75,30.24
p1,1764315433.2870,3.514,-13.38,-48.31,34.92
p1,1764315433.4042,3.513,-13.34,-53.73,40.38
p1,1764315433.5360,3.513,-12.37,-44.94,32.57
p1,1764315443.3644,3.517,-23.09,-61.77,38.68
p1,1764315443.3864,3.519,-23.08,-63.41,40.33
p1,1764315443.5037,3.518,-23.06,-55.55,32.49
p1,1764315443.6354,3.517,-23.2,-62.73,39.52
p1,1764315453.4640,3.476,-32.82,-67.7,34.88
p1,1764315453.4860,3.479,-32.91,-65.27,32.36
p1,1764315453.6030,3.474,-32.82,-62.42,29.59
p1,1764315453.7350,3.476,-33.36,-65.75,32.38
p1,1764315463.5632,3.488,-38.8,-52.86,13.88
p1,1764315463.5635,3.491,-35.56,-63.7,28.14
p1,1764315463.5852,3.491,-35.07,-64.77,29.69
p1,1764315463.7025,3.49,-34.7,-71.03,36.33
p1,1764315463.8342,3.486,-35.17,-63.26,28.07
p1,1764315463.8345,3.489,-38.45,-52.74,14.13
p1,1764315473.6627,3.48,-40.66,-73.61,32.94
p1,1764315473.6847,3.483,-40.54,-74.67,34.13
p1,1764315473.8020,3.468,-40.66,-74,33.33
p1,1764315473.9337,3.466,-39.43,-74.87,35.44
G,1764315478,13.06909,-16.747455,19.2
p1,1764315483.7622,3.479,-46.57,-77.58,31.01
p1,1764315483.7842,3.482,-46.58,-76.71,30.12
p1,1764315483.9015,3.478,-47.32,-73.53,26.21
p1,1764315484.0332,3.477,-47.34,-77.66,30.31
p1,1764315493.8617,3.461,-66.5,-78.18,11.37
p1,1764315493.8837,3.469,-66.45,-77.84,11.06
p1,1764315494.0007,3.453,-64.75,-78.07,13.11
p1,1764315494.1327,3.462,-59.25,-77.89,18.58
p1,1764315503.9609,3.476,-55.08,-77.15,22.05
p1,1764315503.9829,3.479,-54.99,-77.25,22.23
p1,1764315504.1002,3.476,-55.36,-77.38,22
p1,1764315504.2319,3.478,-56.06,-77.34,21.24
p1,1764315514.0604,3.484,-45.56,-77.27,31.71
p1,1764315514.0824,3.486,-45.32,-77.66,32.34
p1,1764315514.1997,3.486,-45.06,-74.9,29.84
p1,1764315514.3314,3.485,-44.86,-77.21,32.35
p1,1764315524.1599,3.477,-51.04,-77.8,26.75
p1,1764315524.1819,3.48,-51.1,-76.96,25.85
p1,1764315524.2989,3.477,-51.15,-75.71,24.55
p1,1764315524.4309,3.477,-51.26,-77.05,25.78
p1,1764315534.2594,3.497,-52.09,-75.17,23.06
p1,1764315534.2812,3.498,-52.01,-76.43,24.4
p1,1764315534.3984,3.498,-52.15,-77.26,25.1
p1,1764315534.5302,3.498,-52.36,-76.66,24.29
G,1764315538,13.069088333,-16.747446667,21.5
p1,1764315544.3587,3.493,-50.02,-75.59,25.56
p1,1764315544.3807,3.496,-49.77,-75.55,25.76
p1,1764315544.4979,3.496,-49.19,-76.84,27.64
p1,1764315544.6297,3.5,-48.31,-76.44,28.12
p1,1764315554.4582,3.477,-60.21,-77.61,17.32
p1,1764315554.4802,3.494,-59.9,-77.19,17.21
p1,1764315554.5974,3.49,-59.55,-77.35,17.73
p1,1764315554.7292,3.488,-59.01,-77.61,18.54
p1,1764315564.5577,3.496,-69.01,-77.47,7.788
p1,1764315564.5794,3.514,-70.07,-77.22,6.223
p1,1764315564.6967,3.508,-69.45,-77.53,7.339
p1,1764315574.6569,3.489,-50.24,-75.09,24.84
p1,1764315574.6789,3.492,-50.1,-75.92,25.81
p1,1764315574.7962,3.489,-49.74,-76.64,26.89
p1,1764315574.9279,3.488,-49.62,-75.07,25.44
p1,1764315584.7564,3.493,-44.42,-75.63,31.21
p1,1764315584.7784,3.498,-44.63,-76.75,32.12
p1,1764315584.8956,3.495,-46.1,-76.45,30.34
p1,1764315585.0274,3.491,-46.45,-77.31,30.86
p1,1764315594.8559,3.502,-43.54,-76.64,33.1
p1,1764315594.8779,3.504,-43.66,-75.49,31.83
p1,1764315594.9951,3.502,-44.33,-71.67,27.32
p1,1764315595.1269,3.501,-44.94,-76.74,31.79
G,1764315598,13.06909,-16.747445,23.7
p1,1764315604.9554,3.501,-49.18,-75.79,26.6
p1,1764315604.9774,3.502,-49.39,-74.94,25.54
p1,1764315605.0944,3.499,-48.46,-76.25,27.78
p1,1764315605.2264,3.501,-48.07,-73.93,25.85
p1,1764315615.0546,3.495,-55.19,-76.7,21.48
p1,1764315615.0766,3.499,-55.07,-77.25,22.15
p1,1764315615.1939,3.5,-55.83,-78.25,22.39
p1,1764315615.3257,3.493,-56.25,-77.62,21.35
p1,1764315625.1541,3.492,-47.07,-77.65,30.58
p1,1764315625.1761,3.493,-47.09,-78.07,30.97
p1,1764315625.2934,3.493,-47.34,-76.39,29.04
p1,1764315625.4251,3.493,-47.02,-77.29,30.27
p1,1764315635.2536,3.488,-51.25,-77.72,26.46
p1,1764315635.2756,3.491,-51.17,-76.94,25.77
p1,1764315635.3926,3.489,-51.1,-75.87,24.75
p1,1764315635.5246,3.49,-50.17,-76.72,26.53
C,1764315639.005,5,0
p1,1764315645.3531,3.497,-48.43,-74.45,26.01
p1,1764315645.3749,3.497,-48.61,-74.76,26.14
p1,1764315645.4921,3.495,-48.8,-76.7,27.9
p1,1764315645.6239,3.494,-48.71,-74.79,26.07
p1,1764315655.4524,3.494,-48.57,-76.19,27.62
p1,1764315655.4744,3.497,-48.3,-77.27,28.97
p1,1764315655.5916,3.497,-48.97,-77.47,28.49
p1,1764315655.7234,3.497,-48.75,-77.04,28.28
G,1764315658,13.069085,-16.74745,24.1
C,1764315659.005,4,0
p1,1764315665.5518,3.506,-54.74,-78.02,23.26
p1,1764315665.5739,3.509,-54.43,-77.77,23.32
p1,1764315665.6911,3.507,-53.88,-77.18,23.28
p1,1764315665.8228,3.507,-54.51,-77.96,23.43
p1,1764315675.6513,3.51,-47.79,-76.06,28.27
p1,1764315675.6733,3.51,-47.82,-75.12,27.29
p1,1764315675.7903,3.509,-47.81,-75.35,27.53
p1,1764315675.9224,3.511,-47.65,-75.39,27.73
p1,1764315685.8899,3.493,-68.68,-77.81,8.563
p1,1764315695.8501,3.513,-61.45,-77.65,16.1
p1,1764315695.8721,3.502,-62.34,-77.52,15.05
p1,1764315695.9893,3.486,-60.9,-78.48,17.5
p1,1764315696.1211,3.478,-64.52,-78.09,13.38
p1,1764315705.9496,3.492,-52.78,-77.42,24.62
p1,1764315705.9716,3.491,-52.55,-77.01,24.44
p1,1764315706.0888,3.502,-49.71,-75.31,25.59
p1,1764315706.2206,3.49,-50.14,-77.15,27
p1,1764315716.0491,3.503,-53.01,-76.39,23.36
p1,1764315716.0711,3.498,-53.65,-76.11,22.43
p1,1764315716.1881,3.49,-55.96,-77.45,21.46
p1,1764315716.3201,3.509,-57.91,-77.87,19.91
G,1764315718,13.06909,-16.747446667,25.1
p1,1764315726.1483,3.508,-55.84,-77.67,21.8
p1,1764315726.1703,3.509,-55.75,-77.81,22.03
p1,1764315726.2876,3.507,-55.82,-77.8,21.96
p1,1764315726.4193,3.507,-54.9,-77.68,22.75
p1,1764315736.2478,3.521,-57.35,-77.5,20.11
p1,1764315736.2698,3.523,-57.24,-77.22,19.93
p1,1764315736.3871,3.522,-56.2,-78.42,22.19
p1,1764315736.5188,3.52,-53.37,-78.25,24.87
C,1764315739.005,5,0
p1,1764315746.3473,3.51,-59.25,-77.89,18.57
p1,1764315746.3693,3.525,-59.17,-77.53,18.3
p1,1764315746.4863,3.522,-55.84,-76.81,20.94
p1,1764315746.6183,3.521,-58.74,-77.61,18.81
p1,1764315756.4465,3.49,-61.21,-77.93,16.62
p1,1764315756.4688,3.499,-61.1,-77.68,16.48
p1,1764315756.5858,3.494,-61.14,-78.73,17.51
p1,1764315756.7176,4.659,-71.36,-79.02,6.835
p1,1764315756.7178,3.496,-62.36,-77.87,15.39
C,1764315759.004,4,0
p1,1764315766.6853,3.487,-70.36,-77.96,6.767
p1,1764315776.6456,3.501,-61.25,-78.72,17.4
p1,1764315776.6675,3.506,-60.83,-77.87,16.96
p1,1764315776.7848,3.506,-59.82,-77.93,18.04
p1,1764315776.9165,3.503,-60.9,-78.08,17.09
G,1764315778,13.06909,-16.747445,25.7
C,1764315799.005,5,0
p1,1764315807.0830,3.514,-67,-78.15,10.8
p1,1764315817.0433,3.505,-67.48,-78.15,10.28
p1,1764315817.0653,3.508,-67.33,-77.69,9.946
p1,1764315817.1825,3.513,-62.58,-78.02,15.31
p1,1764315817.3143,3.51,-65.24,-77.63,12.13
C,1764315819.004,4,0
p1,1764315827.1428,3.522,-63.89,-78.01,13.95
p1,1764315827.1647,3.518,-63.51,-77.96,14.3
p1,1764315827.2817,3.519,-63.85,-77.98,13.97
p1,1764315827.4138,3.511,-63.09,-77.86,14.63
p1,1764315837.2420,3.511,-62.59,-78.1,15.39
p1,1764315837.2422,4.696,-71.68,-78.84,6.229
p1,1764315837.2640,3.526,-63.02,-77.54,14.37
p1,1764315837.3812,3.503,-62.08,-78.27,16.09
p1,1764315837.5130,3.518,-59.79,-77.26,17.39
G,1764315838,13.069095,-16.747441667,26.1
C,1764315839.003,5,0
p1,1764315847.3415,3.519,-68.01,-78.16,9.711
p1,1764315847.3635,3.519,-67.77,-78.25,10.06
p1,1764315847.4807,3.514,-68.09,-78.23,9.703
p1,1764315847.6125,3.519,-67.59,-78.01,10.01
C,1764315856.488,5,0
p1,1764315857.4410,3.517,-66.99,-78.25,10.92
p1,1764315857.4630,3.521,-66.62,-78.3,11.38
p1,1764315857.5802,3.52,-64.68,-78.06,13.17
p1,1764315857.7120,3.518,-63.22,-78.52,15.17
C,1764315859.005,4,0
p1,1764315867.5405,3.519,-57.88,-77.5,19.58
p1,1764315867.5625,3.524,-58.09,-77.74,19.6
p1,1764315867.6795,3.525,-57.89,-77.63,19.69
p1,1764315867.8115,3.518,-57.54,-78.08,20.5
p1,1764315877.6397,3.524,-63.87,-78.44,14.42
p1,1764315877.6617,3.534,-63.94,-78.19,14.09
p1,1764315877.7790,3.524,-63.47,-78.1,14.47
p1,1764315877.9107,4.978,-72.38,-79.59,6.295
p1,1764315877.9110,3.528,-64.21,-78.2,13.82
p1,1764315887.7392,3.518,-70.24,-78.11,7.088
p1,1764315887.7612,3.515,-70.06,-78.28,7.518
p1,1764315887.8785,3.522,-70.48,-78.12,6.822
p1,1764315888.0102,3.519,-70,-78.19,7.484
p1,1764315897.8387,3.535,-62.49,-78.25,15.65
p1,1764315897.8607,3.537,-61.36,-78.44,16.99
p1,1764315897.9779,3.531,-63.42,-77.31,13.71
p1,1764315898.1097,3.534,-63.34,-77.83,14.33
G,1764315898,13.069095,-16.747441667,26.3
C,1764315899.004,5,0
p1,1764315907.9382,3.625,-47.58,-77.56,29.97
p1,1764315907.9602,3.637,-47.62,-76.17,28.54
p1,1764315908.0772,3.621,-48.39,-75.07,26.67
p1,1764315908.2092,3.617,-48.2,-76.65,28.44
p1,1764315918.0377,3.537,-56.8,-77.33,20.49
p1,1764315918.0595,3.542,-56.92,-77.25,20.28
p1,1764315918.0597,5.499,-65.85,-79.26,13.2
p1,1764315918.1767,3.536,-56.77,-78.07,21.27
p1,1764315918.3087,3.54,-56.98,-77.74,20.72
C,1764315919.006,4,0
p1,1764315928.1369,3.539,-57.95,-78.36,20.37
p1,1764315928.1589,3.544,-57.73,-77.28,19.5
p1,1764315928.2762,3.543,-57.85,-77.72,19.82
p1,1764315928.4079,3.54,-58.04,-77.91,19.82
p1,1764315938.2364,3.536,-58.05,-77.8,19.7
p1,1764315938.2584,3.54,-57.79,-78.21,20.38
p1,1764315938.3757,3.539,-58.21,-78.03,19.78
p1,1764315938.5074,3.544,-58.05,-78.02,19.93
C,1764315939.004,5,0
p1,1764315948.3359,3.548,-57.47,-78.32,20.81
p1,1764315948.3580,3.548,-57.74,-78.1,20.32
p1,1764315948.4752,3.54,-58.07,-77.58,19.46
p1,1764315948.6069,3.545,-57.95,-78.06,20.06
p1,1764315958.4354,3.54,-57.77,-77.24,19.42
p1,1764315958.4574,3.546,-57.78,-76.93,19.11
p1,1764315958.5744,3.548,-57.66,-78.05,20.35
p1,1764315958.7064,3.548,-57.74,-77.08,19.29
G,1764315958,13.069095,-16.74744,26.2
p1,1764315968.5349,3.542,-58.63,-78.2,19.52
p1,1764315968.5566,3.551,-58.52,-77.53,18.95
p1,1764315968.6739,3.546,-58.56,-78.1,19.5
p1,1764315968.8057,3.549,-58.71,-77.74,18.98
p1,1764315978.6342,3.548,-58.87,-77.86,18.93
p1,1764315978.6562,3.554,-58.93,-78.1,19.12
p1,1764315978.7734,3.547,-58.46,-77.47,18.95
p1,1764315978.9052,3.542,-58.52,-77.63,19.05
C,1764315979.004,4,0
p1,1764315988.7337,3.546,-57.76,-77.68,19.88
p1,1764315988.7557,3.548,-57.85,-78.09,20.2
p1,1764315988.8729,3.547,-58.02,-77.79,19.72
p1,1764315989.0046,3.55,-58.02,-77.81,19.74
p1,1764315998.8331,3.545,-58,-78.12,20.08
p1,1764315998.8551,3.546,-57.97,-77.92,19.91
C,1764315999.005,5,0
p1,1764315998.9721,3.55,-58.23,-77.95,19.67
p1,1764315998.9724,4,-66.95,-78.67,11.42
p1,1764315999.1042,3.55,-57.81,-78.22,20.36
p1,1764316008.9326,3.547,-57.97,-78.4,20.39
p1,1764316008.9546,3.554,-58.01,-77.32,19.26
p1,1764316009.0716,3.546,-58.24,-77.88,19.6
p1,1764316009.2036,3.552,-58.21,-78.15,19.9
G,1764316018,13.069095,-16.747441667,26.3
C,1764316019.003,4,0
p1,1764316019.0319,3.556,-58,-76.92,18.86
p1,1764316019.0539,3.553,-57.95,-77.4,19.4
p1,1764316019.1711,3.551,-58.13,-77.9,19.73
p1,1764316019.3029,3.563,-58.06,-77.21,19.1
p1,1764316029.1314,3.546,-58.4,-78.31,19.87
p1,1764316029.1534,3.555,-58.62,-78.28,19.61
p1,1764316029.2706,3.561,-58.46,-77.67,19.16
p1,1764316029.4024,3.56,-58.38,-78.38,19.95
p1,1764316039.2309,3.542,-59.92,-74.92,14.86
p1,1764316039.2529,3.575,-59.48,-74.75,15.14
p1,1764316039.3701,3.57,-59.57,-74.18,14.47
p1,1764316039.5019,3.559,-59.57,-75.95,16.29
C,1764316058.986,5,0
p1,1764316059.4298,3.554,-58.34,-76.79,18.38
p1,1764316059.4519,3.563,-58.23,-76.67,18.37
p1,1764316059.5688,3.554,-58.31,-76.51,18.13
p1,1764316059.7008,3.563,-58.26,-75.5,17.16
p1,1764316069.5293,3.552,-57.96,-75.66,17.62
p1,1764316069.5511,3.557,-58.09,-76.42,18.27
p1,1764316069.6683,3.56,-58.17,-76.13,17.88
p1,1764316069.8001,3.564,-58.05,-75.97,17.85
G,1764316078,13.069098333,-16.747441667,26.2
C,1764316078.974,4,0
p1,1764316079.6286,3.557,-57.8,-78,20.16
p1,1764316079.6506,3.554,-57.72,-77.73,19.97
p1,1764316079.7678,3.557,-58.02,-77.52,19.44
p1,1764316079.8996,3.559,-57.94,-77.85,19.87
p1,1764316089.7281,3.559,-58.12,-78.06,19.9
p1,1764316089.7501,3.557,-58.06,-78.02,19.91
p1,1764316089.8673,3.558,-58.45,-77.61,19.11
p1,1764316089.9991,3.55,-58.31,-78.35,20
p1,1764316099.8276,3.555,-58,-78.54,20.5
p1,1764316099.8496,3.557,-58.09,-78.02,19.89
p1,1764316099.9666,3.561,-58.29,-77.78,19.45
p1,1764316100.0986,3.556,-58.33,-78.19,19.82
p1,1764316109.9271,3.553,-58.37,-77.74,19.32
p1,1764316109.9491,3.567,-58.03,-78.18,20.1
p1,1764316110.0661,3.564,-57.94,-77.48,19.49
p1,1764316110.1981,3.557,-58.22,-77.8,19.52
C,1764316118.984,5,0
p1,1764316120.0263,3.562,-57.9,-77.92,19.97
p1,1764316120.0483,3.576,-58.11,-77.91,19.76
p1,1764316120.1656,3.562,-58.45,-78.28,19.78
p1,1764316120.2973,3.554,-58.17,-78.06,19.85
p1,1764316130.1258,3.56,-58.33,-78.18,19.8
p1,1764316130.1478,3.575,-58.24,-77.98,19.7
p1,1764316130.2651,3.556,-58.12,-78.04,19.88
p1,1764316130.3968,3.56,-58.26,-77.92,19.61
G,1764316138,13.069096667,-16.74745,26.1
C,1764316138.988,4,0
p1,1764316140.2253,3.557,-58.24,-78.5,20.22
p1,1764316140.2473,3.559,-57.91,-78.52,20.57
p1,1764316140.3645,3.565,-58.27,-77.8,19.48
p1,1764316140.4963,3.558,-57.98,-78.57,20.55
p1,1764316150.3248,3.56,-58.72,-77.88,19.1
p1,1764316150.3468,3.569,-58.68,-77.76,19.03
p1,1764316150.4638,3.562,-58.8,-77.17,18.3
p1,1764316150.5958,3.555,-58.41,-77.79,19.33
C,1764316158.988,5,0
p1,1764316160.4243,3.559,-57.98,-77.71,19.68
p1,1764316160.4463,3.566,-57.92,-77.67,19.7
p1,1764316160.5633,3.563,-58.02,-78.3,20.24
p1,1764316160.6953,3.551,-58.46,-77.72,19.21
p1,1764316170.5235,3.555,-57.94,-77.34,19.35
p1,1764316170.5455,3.569,-58.35,-77.17,18.76
p1,1764316170.6628,3.559,-58.18,-77.8,19.58
p1,1764316170.7945,3.566,-58.06,-77.64,19.54
C,1764316178.987,4,0
p1,1764316180.6230,3.563,-58.06,-77.68,19.57
p1,1764316180.6450,3.576,-58.27,-77.58,19.26
p1,1764316180.7623,3.558,-58.43,-78.33,19.86
p1,1764316180.8940,3.566,-58.39,-78.19,19.75
p1,1764316190.7225,3.561,-58.07,-77.93,19.82
p1,1764316190.7445,3.564,-58.28,-78.01,19.68
p1,1764316190.8618,3.567,-58.18,-77.76,19.53
p1,1764316190.9935,3.558,-58.16,-78.2,19.99
G,1764316198,13.069095,-16.747455,25.8
p1,1764316200.8220,3.557,-58.02,-77.83,19.76
p1,1764316200.8440,3.561,-58.19,-77.8,19.56
p1,1764316200.9610,3.572,-58.13,-77.6,19.42
p1,1764316201.0930,3.567,-58.26,-77.75,19.44
p1,1764316210.9215,3.565,-57.86,-77.68,19.78
p1,1764316210.9433,3.564,-58.44,-77.62,19.12
p1,1764316211.0605,3.566,-58.01,-78.7,20.65
p1,1764316211.1925,3.563,-58.2,-77.97,19.72
C,1764316218.984,5,0
p1,1764316221.0207,3.562,-58.07,-76.99,18.87
p1,1764316221.0428,3.569,-57.91,-77.33,19.37
p1,1764316221.1600,3.564,-58.27,-77.64,19.32
p1,1764316221.2917,3.567,-58.04,-78,19.92
p1,1764316231.1202,3.557,-57.85,-77.86,19.97
p1,1764316231.1422,3.559,-58.31,-78.11,19.75
p1,1764316231.2595,3.565,-58.04,-78.21,20.13
p1,1764316231.3913,3.563,-58.11,-77.33,19.16
C,1764316238.985,4,0
p1,1764316241.2197,3.565,-58.06,-77.91,19.8
p1,1764316241.2417,3.557,-58.34,-78.15,19.77
p1,1764316241.3590,3.558,-58,-77.52,19.47
p1,1764316241.4907,3.561,-58.04,-77.77,19.68
p1,1764316251.3192,3.571,-58.3,-78.16,19.82
p1,1764316251.3412,3.564,-58.09,-77.65,19.51
p1,1764316251.4582,3.567,-58.2,-78.2,19.96
p1,1764316251.5902,3.556,-58.02,-77.95,19.89
G,1764316258,13.069093333,-16.747456667,25.8
p1,1764316261.4187,3.562,-58.21,-76.91,18.63
p1,1764316261.4405,3.566,-57.95,-76.86,18.85
p1,1764316261.4407,2.751,-66.5,-78.34,11.55
p1,1764316261.5577,3.571,-57.87,-78.22,20.32
p1,1764316261.6897,3.56,-58.4,-77.77,19.31
p1,1764316271.5180,3.559,-58.07,-78.14,20.03
p1,1764316271.5400,3.561,-58.21,-77.53,19.27
p1,1764316271.6572,3.56,-57.97,-77.85,19.83
p1,1764316271.7890,3.563,-58.02,-78.13,20.06
C,1764316278.985,5,0
p1,1764316281.6175,3.56,-58.21,-77.77,19.52
p1,1764316281.6395,3.565,-58.09,-78.11,19.98
p1,1764316281.7567,3.562,-58.4,-78.16,19.71
p1,1764316281.8885,3.562,-58.01,-79.12,21.08
p1,1764316291.7169,3.564,-58.4,-77.95,19.5
p1,1764316291.7390,3.572,-58.12,-78.43,20.28
p1,1764316291.8562,3.556,-58.49,-77.37,18.82
p1,1764316291.9879,3.556,-58.58,-78.31,19.68
C,1764316298.977,4,0
p1,1764316301.8165,3.562,-58.34,-77.68,19.29
p1,1764316301.8385,3.561,-58.51,-77.39,18.82
p1,1764316301.9554,3.563,-58.33,-78.54,20.17
p1,1764316302.0874,3.56,-58.39,-77.57,19.13
p1,1764316311.9160,3.56,-58.35,-78.25,19.86
p1,1764316311.9377,3.569,-58.31,-78.28,19.93
p1,1764316312.0549,3.565,-57.97,-77.77,19.75
p1,1764316312.1867,3.561,-58.24,-77.03,18.73
G,1764316318,13.069093333,-16.747458333,25.1
p1,1764316322.0152,3.557,-58.31,-77.69,19.33
p1,1764316322.0372,3.562,-57.94,-77.76,19.78
p1,1764316322.1544,3.56,-57.99,-77.86,19.83
p1,1764316322.2862,3.564,-58.15,-77.31,19.11
p1,1764316332.1147,3.556,-58.13,-78.24,20.07
p1,1764316332.1367,3.565,-58.26,-77.67,19.36
p1,1764316332.2539,3.572,-58.19,-77.71,19.46
p1,1764316332.3857,3.572,-58.41,-77.76,19.3
p1,1764316342.2142,3.556,-58.2,-77.99,19.74
p1,1764316342.2362,3.563,-58,-77.61,19.56
p1,1764316342.3532,3.565,-58.32,-77.81,19.44
p1,1764316342.4852,3.565,-58.54,-78.05,19.47
p1,1764316352.3137,3.556,-58.52,-77.65,19.08
p1,1764316352.3357,3.567,-57.97,-77.23,19.2
p1,1764316352.4527,3.565,-58.23,-77.5,19.21
p1,1764316352.5847,3.564,-58.42,-78.3,19.84
p1,1764316362.4132,3.561,-58.16,-78.19,19.99
p1,1764316362.4349,3.56,-58.18,-78.13,19.91
p1,1764316362.5522,3.566,-58.18,-78.27,20.04
p1,1764316362.6839,3.571,-58.09,-77.5,19.36
p1,1764316362.6842,2.599,-67.26,-79.1,11.54
p1,1764316372.5124,3.57,-58.36,-77.51,19.09
p1,1764316372.5344,3.567,-58.2,-77.99,19.75
p1,1764316372.6516,3.564,-58.21,-78.9,20.65
p1,1764316372.7834,3.563,-58.21,-77.66,19.4
G,1764316378,13.069091667,-16.747461667,24.3
C,1764316378.985,5,0
p1,1764316382.6119,3.561,-58.34,-77.74,19.35
p1,1764316382.6339,3.57,-58.66,-78.13,19.42
p1,1764316382.7511,3.553,-58.35,-78.14,19.75
p1,1764316382.8829,3.563,-58.24,-78.01,19.72
p1,1764316392.7114,3.56,-58.28,-77.94,19.61
p1,1764316392.7334,3.572,-58.32,-77.77,19.4
p1,1764316392.8506,3.555,-58.63,-77.72,19.03
p1,1764316392.9824,3.564,-58.62,-78.37,19.71
C,1764316398.985,4,0
p1,1764316402.8109,3.556,-58.07,-78.13,20.01
p1,1764316402.8329,3.56,-58.29,-77.42,19.08
p1,1764316402.9499,3.552,-58.17,-77.15,18.93
p1,1764316403.0819,3.552,-58.41,-77.53,19.07
p1,1764316412.9104,3.565,-58.38,-77.58,19.15
p1,1764316412.9321,3.57,-58.5,-77.8,19.24
p1,1764316413.0494,3.563,-58.21,-78.19,19.94
p1,1764316413.1811,3.565,-58.1,-77.49,19.34
p1,1764316423.0096,3.563,-58.21,-77.97,19.71
p1,1764316423.0316,3.563,-58.15,-78.44,20.24
p1,1764316423.1489,3.558,-58.06,-77.93,19.82
p1,1764316423.2806,3.566,-58.1,-78.18,20.03
p1,1764316433.1091,3.563,-58.12,-78.31,20.15
p1,1764316433.1311,3.561,-58.16,-78,19.79
p1,1764316433.2484,3.563,-58.08,-78.38,20.25
p1,1764316433.3801,3.566,-58.38,-78.12,19.7
G,1764316438,13.069086667,-16.747465,23.7
C,1764316438.977,5,0
p1,1764316443.2086,3.562,-58.15,-78.34,20.15
p1,1764316443.2306,3.571,-58.24,-78.06,19.78
p1,1764316443.3479,3.562,-58.1,-77.46,19.31
p1,1764316443.4796,3.563,-58.17,-77.71,19.5
p1,1764316453.3081,3.558,-58.12,-78.02,19.85
p1,1764316453.3301,3.567,-58.2,-77.75,19.51
p1,1764316453.4471,3.567,-58.21,-78.25,19.99
p1,1764316453.5791,3.567,-58.2,-77.87,19.62
C,1764316456.934,5,0
C,1764316458.987,4,0
p1,1764316463.4073,3.558,-58.57,-77.97,19.35
p1,1764316463.4293,3.562,-58.38,-78.29,19.87
p1,1764316463.5466,3.562,-58.26,-78.26,19.95
p1,1764316463.6783,3.562,-58.42,-77.45,18.98
p1,1764316473.5068,3.563,-58.02,-77.36,19.29
p1,1764316473.5288,3.569,-58.23,-78.11,19.84
p1,1764316473.6461,3.562,-58.46,-78.59,20.08
p1,1764316473.7778,3.572,-58.04,-77.49,19.4
C,1764316478.988,5,0
p1,1764316483.6063,3.563,-58.44,-77.73,19.24
p1,1764316483.6283,3.566,-58.43,-78.41,19.94
p1,1764316483.7456,3.566,-58.18,-78.41,20.19
p1,1764316483.8773,3.56,-58.44,-78.45,19.97
p1,1764316493.7058,3.553,-58.1,-78.47,20.33
p1,1764316493.7278,3.571,-58.19,-78.55,20.32
p1,1764316493.8448,3.566,-58.42,-77.92,19.45
p1,1764316493.9768,3.564,-58.24,-78.67,20.39
G,1764316498,13.069093333,-16.747465,22.8
C,1764316498.986,4,0
p1,1764316503.8053,3.558,-58.04,-78.12,20.04
p1,1764316503.8273,3.563,-58.31,-78.01,19.65
p1,1764316503.9443,3.561,-58.18,-78.05,19.82
p1,1764316504.0763,3.566,-58.41,-77.68,19.22
p1,1764316513.9048,3.562,-58.23,-77.51,19.23
p1,1764316513.9266,3.571,-58.34,-77.81,19.41
p1,1764316514.0438,3.564,-58.13,-77.94,19.77
p1,1764316514.1756,3.568,-58.29,-78.07,19.73
p1,1764316524.0041,3.557,-58.11,-77.58,19.42
p1,1764316524.0260,3.575,-58.17,-77.76,19.55
p1,1764316524.1433,3.561,-58.28,-78.45,20.12
p1,1764316524.2750,3.571,-58.21,-77.58,19.32
p1,1764316534.1036,3.563,-58.06,-77.93,19.83
p1,1764316534.1256,3.575,-58.17,-78.15,19.94
p1,1764316534.2428,3.571,-58.26,-77.68,19.37
p1,1764316534.3745,3.553,-58.11,-78.13,19.97
C,1764316538.977,5,0
p1,1764316544.2030,3.561,-58.52,-77.8,19.23
p1,1764316544.2250,3.564,-58.25,-77.42,19.12
p1,1764316544.3420,3.567,-58.57,-77.25,18.62
p1,1764316544.4740,3.563,-58.32,-77.92,19.55
p1,1764316554.3025,3.558,-58.03,-77.78,19.71
p1,1764316554.3245,3.559,-58.18,-77.18,18.94
p1,1764316554.4415,3.56,-58.45,-78.16,19.67
p1,1764316554.5735,3.56,-58.11,-77.88,19.72
G,1764316558,13.069095,-16.747463333,21.5
C,1764316558.986,4,0
p1,1764316564.4018,3.556,-58.14,-77.15,18.96
p1,1764316564.4238,3.562,-58.32,-77.05,18.68
p1,1764316564.5410,3.561,-57.99,-77.89,19.86
p1,1764316564.6728,3.558,-58.25,-77.97,19.67
p1,1764316574.5013,3.568,-58.07,-78.18,20.07
p1,1764316574.5233,3.567,-58.01,-78.44,20.39
p1,1764316574.6405,3.566,-58.27,-78.3,19.99
p1,1764316574.7723,3.566,-58.3,-77.74,19.38
p1,1764316584.6008,3.564,-58.6,-77.71,19.06
p1,1764316584.6228,3.569,-58.62,-78.05,19.38
p1,1764316584.7400,3.556,-58.72,-77.68,18.9
p1,1764316584.8718,3.58,-58.71,-77.77,19
p1,1764316594.7002,3.567,-58.04,-77.55,19.46
p1,1764316594.7222,3.558,-58.37,-77.85,19.43
p1,1764316594.8392,3.57,-58.55,-77.55,18.94
p1,1764316594.9712,3.556,-57.91,-78.21,20.25
C,1764316598.979,5,0
p1,1764316604.7997,3.562,-58.12,-77.9,19.73
p1,1764316604.8217,3.565,-58.05,-77.33,19.23
p1,1764316604.9387,3.567,-57.98,-78.21,20.19
p1,1764316605.0708,3.56,-57.99,-77.35,19.31
p1,1764316614.8990,3.562,-58.2,-78.07,19.82
p1,1764316614.9210,3.564,-58.06,-77.38,19.27
p1,1764316615.0382,3.563,-58.08,-77.6,19.46
p1,1764316615.1700,3.564,-58.34,-77.51,19.12
G,1764316618,13.069095,-16.747461667,20.6
C,1764316618.991,4,0
p1,1764316624.9985,3.557,-58.21,-77.97,19.72
p1,1764316625.0205,3.575,-58.02,-78.37,20.31
p1,1764316625.1377,3.556,-57.82,-77.97,20.1
p1,1764316625.2695,3.563,-58.25,-77.92,19.62
p1,1764316635.0980,3.558,-58.27,-77.71,19.39
p1,1764316635.1200,3.567,-57.99,-78.05,20.02
p1,1764316635.2372,3.566,-58.16,-77.82,19.61
p1,1764316635.3690,3.559,-57.97,-78.53,20.52
C,1764316638.991,5,0
p1,1764316645.1975,3.56,-58.11,-78.28,20.13
p1,1764316645.2195,3.557,-58.27,-78.25,19.94
p1,1764316645.3365,3.563,-58.19,-77.78,19.55
p1,1764316645.4685,3.561,-58.05,-78.24,20.15
p1,1764316655.2970,3.565,-58.44,-78.07,19.58
p1,1764316655.3190,3.568,-58.42,-77.92,19.45
p1,1764316655.4360,3.567,-57.83,-78.25,20.38
p1,1764316655.5680,3.561,-58.09,-77.89,19.76
C,1764316658.99,4,0
p1,1764316665.3965,3.559,-58.11,-76.6,18.42
p1,1764316665.4182,3.564,-58.4,-77.42,18.97
p1,1764316665.5355,3.561,-58.16,-78.17,19.97
p1,1764316665.6672,3.571,-57.93,-77.76,19.78
p1,1764316665.7967,4.92,-70.26,-79.53,8.721
p1,1764316665.7982,-4.667,-69.68,-78.65,8.388
p1,1764316665.8290,5.43,-70.82,-79.25,7.758
p1,1764316665.8292,-2.904,-70.56,-77.65,6.14
p1,1764316665.8940,-5.845,-69.41,-79.57,9.717
p1,1764316665.8957,3.99,-69.77,-78.3,7.874
p1,1764316666.3870,5.461,-70.56,-78.21,6.829
p1,1764316666.3882,5.383,-71.77,-79.87,7.378
p1,1764316666.5532,5.617,-70.83,-78.1,6.37
p1,1764316666.5534,5.657,-70.84,-79.87,8.444
p1,1764316666.6172,5.064,-70.84,-78.5,6.845
p1,1764316666.6175,-5.051,-70.85,-79.27,7.74
p1,1764316666.7152,5.117,-69.91,-78.53,7.982
p1,1764316666.7160,5.04,-69.44,-79.64,9.756
p1,1764316666.9415,-4.585,-69.8,-79.53,9.24
p1,1764316666.9432,-3.091,-69.55,-78.09,7.893
p1,1764316667.3050,-1.99,-71.37,-78.49,6.183
p1,1764316667.3337,-2.164,-69.17,-77.87,8.065
p1,1764316667.3342,7.43,-69.48,-79.2,9.232
p1,1764316667.6830,-4.544,-71.93,-79.34,6.541
p1,1764316667.6842,-4.05,-70.71,-78.42,6.9
p1,1764316667.8647,-3.954,-67.9,-78.13,9.796
p1,1764316667.8670,7.885,-68.72,-79.7,10.61
p1,1764316667.8997,7.472,-71.86,-79.71,7.065
p1,1764316667.9150,-4.658,-68.84,-79.55,10.32
p1,1764316667.9152,-1.896,-68.09,-78.37,9.857
p1,1764316668.1520,-2.93,-70.82,-78.16,6.46
p1,1764316668.1535,-5.928,-70.87,-79.07,7.483
p1,1764316669.6672,-4.338,-69.33,-78.38,8.477
p1,1764316669.7970,5.493,-69.49,-79.55,9.604
p1,1764316669.7977,-3.923,-69.16,-78.36,8.644
p1,1764316669.8267,-5.063,-69.84,-77.71,7.094
p1,1764316669.8275,4.308,-69.66,-78.75,8.518
p1,1764316669.8557,-1.913,-68.52,-77.95,8.895
p1,1764316669.8977,-3.852,-72,-79.69,6.885
p1,1764316669.9270,-7.472,-69.93,-78.49,7.907
p1,1764316670.0564,-7.479,-67.86,-78.67,10.44
p1,1764316670.0572,-3.825,-67.1,-77.42,9.889
p1,1764316670.0710,-6.737,-63.9,-78.49,14.44
p1,1764316670.0712,1.665,-64.09,-77.3,13
p1,1764316670.2277,-3.613,-65.16,-77.58,12.17
p1,1764316670.2554,-4.195,-67.98,-78.36,9.953
p1,1764316670.2567,5.898,-67.78,-79.51,11.42
p1,1764316670.2977,5.419,-62.71,-80.03,17.24
p1,1764316670.3117,3.108,-70.75,-78.01,6.354
p1,1764316670.3120,5.584,-70.61,-79.42,8.196
p1,1764316670.4502,4.623,-63.94,-79.24,15.17
p1,1764316670.4519,3.103,-63.31,-77.77,14.3
p1,1764316670.4917,7.081,-70.75,-79.76,8.424
p1,1764316670.4937,3.051,-71.57,-78.97,6.517
p1,1764316670.5752,3.907,-67.56,-79.13,11.26
p1,1764316670.5754,5.496,-68.74,-77.34,7.961
p1,1764316670.5902,-1.756,-68.37,-77.23,8.263
p1,1764316670.6174,5.605,-69.93,-78.61,8.056
p1,1764316670.6312,-6.384,-64.86,-79.23,14.21
p1,1764316670.6317,-2.459,-64.69,-78.43,13.55
p1,1764316670.6739,-5.763,-66.3,-79.95,13.45
p1,1764316670.6747,5.495,-66.76,-78.58,11.52
p1,1764316670.6892,6.335,-67.61,-79.52,11.62
p1,1764316670.6894,-3.539,-68.04,-78.47,10.02
p1,1764316670.7777,6.445,-71.9,-79.05,6.221
p1,1764316670.8402,7.231,-68.34,-79.44,10.75
p1,1764316670.8412,5.652,-68.4,-78.81,9.991
p1,1764316670.8712,-4.592,-67.83,-78.47,10.26
p1,1764316670.8714,4.388,-68.28,-79.54,10.92
p1,1764316670.9029,3.862,-71.08,-79.16,7.34
p1,1764316670.9032,-3.834,-70.05,-78.07,7.274
p1,1764316670.9339,6.838,-66.07,-79.02,12.73
p1,1764316670.9347,4.287,-66.4,-78.14,11.44
p1,1764316671.0144,-7.378,-68.61,-79.35,10.35
p1,1764316671.0307,-3.826,-69.23,-79.82,10.19
p1,1764316671.0309,3.792,-68.04,-78.37,9.913
p1,1764316671.1092,-4.305,-70.15,-79.69,9.037
p1,1764316671.1257,4.001,-68.28,-79.82,11.23
p1,1764316671.1269,-4.043,-68.69,-78.63,9.477
p1,1764316671.1582,4.292,-65.34,-80.23,14.75
p1,1764316671.1595,-4.286,-64.72,-78.88,13.99
p1,1764316671.1747,-4.689,-61.3,-78.73,17.34
p1,1764316671.1757,-7.153,-61.26,-79.78,18.46
p1,1764316671.2067,-5.122,-68.49,-77.96,8.948
p1,1764316671.2075,6.654,-68.44,-79.87,11.11
p1,1764316671.2409,7.054,-71.76,-79.78,7.274
p1,1764316671.3557,-6.147,-62.82,-78.94,16.01
p1,1764316671.3565,-1.858,-63.28,-78.2,14.78
p1,1764316671.4054,-4.5,-68.11,-77.79,9.191
p1,1764316671.4069,7.173,-68.28,-79.72,11.12
p1,1764316671.4224,5.446,-67.26,-78.8,11.23
p1,1764316671.4239,-5.782,-67.01,-79.2,11.92
p1,1764316671.4575,-4.494,-71.83,-79.36,6.679
p1,1764316671.5239,3.915,-68.64,-79.26,10.23
p1,1764316671.5242,-3.922,-67.75,-78.35,10.21
p1,1764316671.5412,4.02,-66.96,-78.08,10.78
p1,1764316671.5574,-2.765,-60.25,-78.17,17.85
p1,1764316671.5582,4.745,-60.51,-78.74,18.16
p1,1764316671.5739,-6.119,-71.95,-78.97,6.065
p1,1764316671.6247,3.544,-62.67,-78.11,15.31
p1,1764316671.6260,6.639,-62.9,-79.48,16.49
p1,1764316671.7280,6.258,-62.63,-80.01,17.3
p1,1764316671.8895,-7.131,-61.5,-79.52,17.95
p1,1764316671.9442,-4.731,-60.54,-78.53,17.93
p1,1764316671.9462,5.853,-60.86,-79.26,18.33
p1,1764316671.9644,-5.394,-71.84,-79.41,6.735
p1,1764316672.0582,-3.333,-60.53,-78.31,17.7
p1,1764316672.0587,-5.857,-60.29,-79.08,18.73
p1,1764316672.1332,4.596,-59.72,-77.8,18.02
p1,1764316672.1344,-5.934,-59.56,-79.08,19.46
p1,1764316672.1730,-5.392,-72.06,-79.65,6.758
p1,1764316672.2299,-6.734,-72.25,-79.31,6.107
p1,1764316672.2852,5.464,-57.49,-78.78,21.26
p1,1764316672.2862,3.784,-57.37,-77.61,20.21
p1,1764316672.3050,-4.35,-69.08,-77.56,7.819
p1,1764316672.3052,-4.308,-69.32,-78.67,8.804
p1,1764316672.3235,-3.16,-60.31,-78.02,17.64
p1,1764316672.3237,6.373,-60.28,-79.09,18.75
p1,1764316672.3604,-6.379,-63.17,-79.22,15.94
p1,1764316672.3622,-3.09,-63.47,-78.47,14.86
p1,1764316672.3805,-2.418,-59.71,-78.49,18.73
p1,1764316672.3807,-6.744,-59.86,-79.35,19.44
p1,1764316672.3974,4.698,-70.83,-78.98,7.429
p1,1764316672.5067,6.357,-70.82,-79.93,8.541
p1,1764316672.5069,-4.297,-70.98,-78.49,6.654
p1,1764316672.5617,-7.525,-63.83,-79.35,15.39
p1,1764316672.5779,-5.156,-62.21,-78.24,15.92
p1,1764316672.5789,6.388,-61.94,-79.21,17.19
p1,1764316672.6640,5.913,-62.26,-79.83,17.5
p1,1764316672.6642,-4.401,-62.6,-78.39,15.67
p1,1764316672.6807,-5.173,-63.99,-78.09,13.93
p1,1764316672.6815,4.282,-64.87,-79.81,14.8
p1,1764316672.7150,-5.531,-70.96,-78.67,6.906
p1,1764316672.7170,2.396,-70.59,-77.84,6.353
p1,1764316672.7499,5.845,-68.5,-79.5,10.64
p1,1764316672.7504,-1.869,-68.68,-78.49,9.328
p1,1764316672.7672,-3.439,-66.17,-78.36,11.92
p1,1764316672.7674,-7.118,-66.59,-79.35,12.52
p1,1764316672.8502,4.659,-67.76,-79.54,11.48
p1,1764316672.8504,2.814,-67.09,-78.58,11.18
p1,1764316672.9187,-2.591,-67.41,-78.13,10.33
p1,1764316672.9337,-2.295,-68.95,-78.36,8.886
p1,1764316672.9832,5.103,-63.95,-77.55,13.41
p1,1764316672.9847,-6.467,-64.04,-78.85,14.66
p1,1764316673.0814,-5.715,-67.89,-79.77,11.58
p1,1764316673.0824,-3.985,-68.06,-78.45,9.969
p1,1764316673.1154,-5.976,-71.04,-79.45,7.731
p1,1764316673.1302,5.653,-71.92,-79.18,6.36
p1,1764316673.1899,4.409,-69.24,-78.03,8.165
p1,1764316673.1904,4.363,-69.95,-79.82,9.392
p1,1764316673.2339,-4.283,-65.57,-79.7,13.97
p1,1764316673.2347,-4.593,-65.7,-77.8,11.83
p1,1764316673.2612,-7.455,-69.55,-78.89,8.799
p1,1764316673.2762,-5.875,-68.19,-79.09,10.54
p1,1764316673.3275,6.421,-69.61,-76.76,6.22
p1,1764316673.3515,5.141,-67.13,-76.2,8.495
p1,1764316673.3522,6.684,-66.06,-76.88,10.44
p1,1764316673.4222,2.481,-63.34,-77.69,14.19
p1,1764316673.4910,-6.394,-68,-77.19,8.633
p1,1764316673.4922,2.324,-67.84,-76.07,7.521
p1,1764316673.6017,-4.1,-70.14,-79.2,8.481
p1,1764316673.6032,2.28,-69.85,-77.91,7.332
p1,1764316673.6672,6.213,-66.58,-78.74,11.89
p1,1764316673.7497,-4.688,-68.14,-79.31,10.83
p1,1764316673.7514,-3.653,-68.74,-77.53,8.179
p1,1764316673.7652,-6.506,-70.6,-79.44,8.231
p1,1764316673.8549,-6.795,-69.07,-79.83,10.38
p1,1764316673.8559,4.325,-68.53,-78.37,9.374
p1,1764316673.9012,-7.421,-68.67,-79.39,10.34
p1,1764316673.9020,3.7,-68.29,-77.87,9.081
p1,1764316673.9797,-4.68,-69.32,-78.47,8.586
p1,1764316673.9802,-4.879,-69.79,-79.29,8.985
p1,1764316674.0092,-3.915,-69.38,-79.39,9.551
p1,1764316674.0099,-4.474,-68.9,-78.56,9.159
p1,1764316674.0399,4.273,-72.64,-79.65,6.048
p1,1764316674.0412,-3.899,-70.71,-77.76,6.096
p1,1764316674.1750,-2.217,-70.45,-77.92,6.62
p1,1764316674.1755,-4.312,-71.53,-79.54,7.264
p1,1764316674.2037,4.311,-70.9,-78.48,6.747
p1,1764316674.4284,-2.438,-64.4,-78.28,13.71
p1,1764316674.4872,5.887,-69,-79.52,10.12
p1,1764316674.4884,-5.494,-70.18,-78.19,7.258
p1,1764316674.5162,-4.319,-68.24,-78.23,9.532
p1,1764316674.6212,-4.33,-72.14,-79.87,6.933
p1,1764316674.6367,-5.232,-71.48,-79.26,6.981
p1,1764316674.7115,4.735,-69.88,-77.86,7.231
p1,1764316674.7127,6.408,-69.84,-79.07,8.672
p1,1764316674.7892,5.445,-69.87,-78.06,7.471
p1,1764316674.7905,-4.624,-69.75,-78.97,8.667
p1,1764316674.8524,-5.21,-69.8,-79.71,9.443
p1,1764316674.8534,-2.749,-69.01,-78.09,8.51
p1,1764316674.8692,3.903,-68.22,-77.76,9.032
p1,1764316674.8860,5.886,-71.09,-79.7,7.975
p1,1764316674.9180,-7.783,-71.91,-78.98,6.124
p1,1764316674.9512,-5.802,-71.6,-80.29,8.056
p1,1764316675.4957,3.558,-57.86,-78.08,20.18
p1,1764316675.5177,3.562,-58.21,-77.98,19.72
p1,1764316675.6349,3.561,-57.85,-77.46,19.56
p1,1764316675.7667,3.556,-58.23,-77.72,19.44
G,1764316678,13.069095,-16.747461667,20.6
p1,1764316685.5952,3.557,-58.13,-77.95,19.77
p1,1764316685.6172,3.572,-58.07,-77.91,19.79
p1,1764316685.7344,3.556,-58.04,-77.35,19.26
p1,1764316685.8662,3.563,-58.15,-78.06,19.87
p1,1764316695.6947,3.556,-58.13,-78.16,19.99
p1,1764316695.7167,3.563,-58.06,-77.87,19.77
p1,1764316695.8337,3.557,-58.33,-77.97,19.59
p1,1764316695.9657,3.56,-58.3,-78.33,19.98
C,1764316698.987,5,0
p1,1764316705.7942,3.564,-58.04,-77.48,19.4
p1,1764316705.8162,3.575,-58.15,-77.92,19.72
p1,1764316705.9332,3.566,-57.99,-78.34,20.31
p1,1764316706.0652,3.564,-58,-77.51,19.46
p1,1764316715.8934,3.561,-58.27,-78.27,19.96
p1,1764316715.8937,3.38,-66.92,-79.24,12.06
p1,1764316715.9154,3.558,-58.14,-78,19.81
p1,1764316716.0327,3.568,-58.15,-78.5,20.32
p1,1764316716.1644,3.562,-57.95,-78.26,20.27
C,1764316718.987,4,0
p1,1764316725.9929,3.568,-57.97,-76.86,18.83
p1,1764316726.0149,3.566,-57.92,-76.66,18.69
p1,1764316726.1322,3.566,-58.05,-77.8,19.71
p1,1764316726.2639,3.559,-57.82,-77.26,19.39
p1,1764316736.0924,3.563,-58.02,-77.33,19.25
p1,1764316736.1144,3.559,-58.13,-77.17,18.98
p1,1764316736.2316,3.563,-57.82,-77.41,19.53
p1,1764316736.3634,3.566,-57.85,-76.94,19.03
G,1764316738,13.069091667,-16.747461667,20.1
C,1764316738.988,5,0
p1,1764316745.1406,-7.475,-69.28,-77.05,6.969
p1,1764316745.6507,4.668,-66.13,-76.43,9.87
p1,1764316745.6517,5.694,-67.04,-76.65,9.107
p1,1764316746.1919,3.563,-58.28,-76.14,17.79
p1,1764316746.2139,3.56,-58.26,-75.66,17.31
p1,1764316746.3309,3.562,-58.2,-74.97,16.68
p1,1764316746.4629,3.561,-58.08,-75.46,17.3
p1,1764316749.2324,-6.643,-67.17,-75.41,7.53
p1,1764316749.2632,-4.999,-66.57,-75.75,8.619
p1,1764316749.2637,-6.915,-67.04,-76.14,8.519
p1,1764316749.5002,-3.234,-65.8,-75.21,8.886
p1,1764316749.5019,-6.212,-65.49,-75.97,10.07
p1,1764316749.5274,-4.678,-67.04,-75.18,7.418
p1,1764316749.5289,-5.086,-66.96,-76.17,8.654
p1,1764316749.5804,-7.6,-66.54,-76.01,8.957
p1,1764316749.6572,-2.797,-67.75,-74.87,6.189
p1,1764316749.6579,-7.568,-68.67,-76.03,6.485
p1,1764316749.7302,5.9,-67.81,-75.74,7.168
p1,1764316749.8454,-5.49,-68.06,-75.07,6.042
p1,1764316750.9462,-4.233,-68.16,-75.71,6.712
p1,1764316751.1524,5.139,-67.1,-75.5,7.713
p1,1764316751.1529,4.74,-67.38,-75.42,7.301
p1,1764316751.4076,-2.317,-62.33,-75.56,13.02
p1,1764316751.4091,-7.822,-62.86,-76.01,12.93
p1,1764316751.4489,5.764,-67.33,-75.46,7.407
p1,1764316751.4492,5.711,-67.66,-75.3,6.815
p1,1764316751.5227,3.154,-66.09,-75.1,8.432
p1,1764316751.5239,-6.165,-65.11,-76.22,10.76
p1,1764316751.6669,6.255,-68.57,-75.96,6.511
p1,1764316751.7461,5.304,-68.1,-76.06,7.208
p1,1764316751.7636,6.743,-68.55,-75.65,6.165
p1,1764316751.8351,6.928,-68.15,-76.17,7.268
p1,1764316751.8364,-3.29,-67.73,-76.21,7.819
p1,1764316752.0676,-4.491,-66.68,-75.44,8.139
p1,1764316752.0681,-3.85,-67.48,-75.71,7.525
p1,1764316752.2172,6.263,-68.51,-76.5,7.236
p1,1764316752.3831,-4.709,-67.06,-75.18,7.39
p1,1764316752.3834,5.977,-68.34,-76.18,7.061
p1,1764316752.3982,3.013,-67.69,-75.67,7.226
p1,1764316752.4524,6.76,-69.09,-76.08,6.024
p1,1764316752.5354,-3.874,-69.34,-76.47,6.201
p1,1764316752.7197,3.754,-63.15,-74.99,11.54
p1,1764316752.7204,-7.454,-63.3,-75.89,12.35
p1,1764316752.8684,3.085,-67.71,-75.08,6.497
p1,1764316752.8687,-5.715,-67.85,-75.49,6.822
p1,1764316752.9269,3.913,-67.24,-75.33,7.35
p1,1764316752.9289,-5.495,-67.32,-75.22,7.131
p1,1764316753.2674,-3.914,-62.67,-75.02,12.09
p1,1764316753.3876,-5.418,-65.47,-75.58,9.667
p1,1764316753.3887,4.655,-65.85,-75.16,8.774
p1,1764316753.4694,7.128,-67.94,-75.67,6.932
p1,1764316753.4697,3.159,-68.46,-75.44,6.006
p1,1764316753.5979,-3.129,-66.78,-74.51,6.927
p1,1764316753.6446,-5.136,-66.54,-73.78,6.337
p1,1764316753.6449,-5.107,-66.32,-74.14,7.034
p1,1764316753.7186,-6.729,-63.04,-74.79,11.44
p1,1764316753.7194,2.685,-62.49,-74.84,12.09
p1,1764316753.7934,5.517,-64.72,-73.38,8.017
p1,1764316753.7942,7.88,-64.04,-73.7,9.164
p1,1764316754.1101,3.481,-65.17,-75.96,10.41
p1,1764316754.1116,-5.063,-65.11,-75.88,10.4
p1,1764316754.1524,-5.966,-65.71,-76.02,9.89
p1,1764316754.1534,-1.985,-66.17,-76.1,9.462
p1,1764316754.1674,-5.895,-68.33,-76.27,7.178
p1,1764316754.1969,5.485,-63.64,-76.34,12.46
p1,1764316754.2232,1.913,-67.07,-75.96,8.299
p1,1764316754.2669,5.093,-68.5,-75.89,6.516
p1,1764316754.3059,4.854,-68.47,-75.77,6.403
p1,1764316754.3072,7.43,-69.28,-76.85,6.738
p1,1764316754.4014,-7.81,-67.67,-75.4,6.929
p1,1764316754.4804,3.211,-67.72,-75.07,6.462
p1,1764316754.4806,6.362,-68.06,-75.99,7.164
p1,1764316754.5652,4.505,-65.83,-75.42,9.091
p1,1764316754.5659,5.615,-65.32,-75.26,9.473
p1,1764316754.6082,7.51,-67.22,-75.79,7.916
p1,1764316754.6084,-2.204,-67.12,-75.35,7.523
p1,1764316754.6372,5.116,-64.29,-75.24,10.59
p1,1764316754.6521,-7.408,-67.8,-76.15,7.673
p1,1764316754.6676,5.605,-66.12,-76.14,9.571
p1,1764316754.6681,2.354,-66.31,-75.17,8.249
p1,1764316754.6827,-7.224,-67.54,-76.15,7.959
p1,1764316754.6834,2.019,-67.5,-74.96,6.596
p1,1764316754.7909,-6.249,-67.47,-75.8,7.639
p1,1764316754.7914,3.879,-66.12,-75.69,9.057
p1,1764316754.8219,-7.159,-56.09,-76.03,19.9
p1,1764316754.8234,-3.201,-56.16,-75.21,18.99
p1,1764316754.8701,-4.258,-67.46,-75.3,7.062
p1,1764316754.9379,7.654,-67.69,-76.95,8.714
p1,1764316754.9389,4.244,-66.64,-76.08,8.913
p1,1764316755.0236,-7.423,-68.48,-76.2,6.906
p1,1764316755.0424,-5.048,-63.54,-76.65,12.88
p1,1764316755.0429,4.823,-63.43,-75.96,12.28
p1,1764316755.0956,-6.36,-66.47,-76.75,9.859
p1,1764316755.0969,4.484,-67.05,-75.65,7.956
p1,1764316755.1901,5.2,-69.45,-76.54,6.152
p1,1764316755.2882,7.247,-68.24,-77.4,8.595
p1,1764316755.2894,3.942,-69.3,-76.64,6.457
p1,1764316755.3874,2.377,-69.54,-76.6,6.097
p1,1764316755.4071,6.411,-66.34,-76.92,10.18
p1,1764316755.4469,-3.557,-68.66,-76.51,7.071
p1,1764316755.4486,7.29,-68.8,-77.27,7.801
p1,1764316755.5279,-7.88,-61.8,-76.98,15.05
p1,1764316755.5292,2.103,-61.65,-76.38,14.58
p1,1764316755.6117,-6.058,-68.35,-77.5,8.586
p1,1764316755.6139,-2.673,-68.51,-76.12,6.777
p1,1764316755.6781,2.562,-62.09,-76.23,13.97
p1,1764316755.6789,-5.739,-62.19,-76.52,14.16
p1,1764316755.7459,-2.666,-53.62,-76.16,22.52
p1,1764316755.7464,-6.625,-53.69,-76.87,23.16
p1,1764316755.8096,5.84,-67.27,-77.05,9.297
p1,1764316755.8104,-5.756,-67.04,-76.31,8.729
p1,1764316755.8746,-3.159,-69.63,-76.67,6.087
p1,1764316755.9394,-4.589,-69.28,-77.32,7.303
p1,1764316756.0642,6.663,-63.43,-76.57,12.91
p1,1764316756.0652,2.82,-63.68,-76.24,12.31
p1,1764316756.1049,7.534,-61.33,-77.34,15.9
p1,1764316756.1466,5.089,-66.79,-76.58,9.302
p1,1764316756.2914,3.559,-58.72,-75.08,16.25
p1,1764316756.3134,3.564,-58.58,-75.67,17
p1,1764316756.3436,5.587,-60.99,-76.25,15.13
p1,1764316756.3454,3.067,-60.98,-75.32,14.18
p1,1764316756.4204,-5.536,-60.58,-73.18,12.35
p1,1764316756.4304,3.554,-57.9,-69.59,11.39
p1,1764316756.4582,7.552,-61.08,-76.34,15.13
p1,1764316756.4584,4.605,-61.31,-75.51,14.03
p1,1764316756.4961,-4.283,-61.05,-75.66,14.46
p1,1764316756.4971,4.728,-61.26,-75.88,14.46
p1,1764316756.5624,3.562,-57.86,-72.12,14.1
p1,1764316756.5704,7.452,-65.88,-73.14,6.354
p1,1764316756.7009,5.094,-65.72,-75.42,9.212
p1,1764316756.7011,5.915,-66.57,-75.97,8.872
p1,1764316756.7171,4.717,-60.34,-75.14,14.65
p1,1764316756.7174,4.671,-60.34,-75.53,15.06
p1,1764316756.7549,-4.655,-68.19,-75.74,6.712
p1,1764316756.7561,3.18,-67.93,-75.05,6.184
p1,1764316756.7734,-4.276,-58.4,-75.69,17.21
p1,1764316756.7744,-4.301,-58.44,-75.09,16.56
p1,1764316756.7911,1.803,-65.73,-74.91,8.626
p1,1764316756.7924,7.076,-64.71,-75.45,10.36
p1,1764316756.8271,6.388,-60.14,-75.18,14.91
p1,1764316756.8284,-3.708,-60.4,-74.68,14.12
p1,1764316756.8446,-3.485,-60.79,-75.41,14.46
p1,1764316756.8449,4.475,-60.75,-75.84,14.95
p1,1764316756.9511,5.077,-65.32,-75.08,9.284
p1,1764316757.2236,3.832,-57.43,-75.22,17.72
p1,1764316757.2249,-6.045,-57.57,-75.57,17.93
p1,1764316757.2904,3.313,-67.4,-74.93,6.68
p1,1764316757.2914,-5.045,-67.19,-75.36,7.453
p1,1764316757.3564,5.403,-66.74,-75.44,8.077
p1,1764316757.3571,-5.496,-66.72,-75,7.582
p1,1764316757.4059,6.99,-67.65,-76.2,7.893
p1,1764316757.4546,-3.109,-53.6,-75.61,21.98
p1,1764316757.4566,-6.719,-53.87,-75.58,21.68
p1,1764316757.4729,6.874,-53.77,-75.71,21.91
p1,1764316757.4886,-7.925,-68.02,-75.99,7.215
p1,1764316757.5376,-6.799,-68.93,-76.03,6.16
p1,1764316757.5529,7.238,-55.3,-75.69,20.34
p1,1764316757.5694,-4.756,-67.18,-75.85,8.04
p1,1764316757.5696,-4.793,-67.59,-76.16,7.914
p1,1764316757.5854,6.289,-51.06,-75.78,24.71
p1,1764316757.5859,1.894,-51.24,-75.04,23.78
p1,1764316757.6169,-7.1,-64.76,-76,10.9
p1,1764316757.6189,-3.901,-64.11,-75.03,10.56
p1,1764316757.6324,2.747,-68.06,-75.24,6.255
p1,1764316757.6329,-7.498,-68.63,-76.18,6.716
p1,1764316757.6489,-3.899,-68.49,-75.57,6.128
p1,1764316757.6491,-3.905,-69.39,-76.75,6.482
p1,1764316757.6642,-6.696,-64.56,-77.19,12.39
p1,1764316757.6662,2.353,-64.42,-75.94,11.21
p1,1764316757.6817,3.975,-68.33,-76.07,6.937
p1,1764316757.6819,-7.506,-68.17,-76.91,8.118
p1,1764316757.6954,-5.611,-68.44,-76.26,7.038
p1,1764316757.6957,-2.678,-68.72,-76.08,6.483
p1,1764316757.7584,-6.424,-63.76,-75.93,11.9
p1,1764316757.7599,-3.659,-63.77,-76.13,12.11
p1,1764316757.7749,-3.905,-58.75,-76.05,17.22
p1,1764316757.8534,5.499,-60.84,-76.46,15.5
p1,1764316757.8554,-3.888,-60.93,-75.73,14.66
p1,1764316757.8706,-5.134,-69.13,-76.28,6.218
p1,1764316757.8711,-5.128,-68.19,-75.52,6.445
p1,1764316757.8856,6.29,-56.86,-76.34,19.43
p1,1764316757.8866,-2.327,-56.99,-75.36,18.31
p1,1764316757.9024,-6.255,-68.68,-76.58,7.135
p1,1764316757.9029,4.203,-68.53,-75.8,6.365
p1,1764316757.9489,2.639,-59.67,-75.66,15.88
p1,1764316757.9944,-3.82,-54.9,-76,21.07
p1,1764316757.9964,5.862,-54.92,-76.55,21.6
p1,1764316758.0114,-7.133,-63.16,-76.15,12.77
p1,1764316758.0119,4.747,-63.56,-75.78,11.95
p1,1764316758.1189,-7.043,-66.28,-76.2,9.453
p1,1764316758.1206,5.51,-65.78,-75.36,9.077
p1,1764316758.1339,-7.946,-68.82,-75.9,6.136
p1,1764316758.1651,-5.213,-63.05,-76.18,12.92
p1,1764316758.1661,4.718,-63.04,-76.47,13.23
p1,1764316758.1954,3.828,-66.68,-75.62,8.352
p1,1764316758.1974,-5.536,-66.87,-76.62,9.262
p1,1764316758.2261,6.386,-64.07,-76.65,12.33
p1,1764316758.2281,-1.851,-63.97,-75.9,11.65
p1,1764316758.3639,4.74,-63.14,-75.64,12.25
p1,1764316758.3656,-7.459,-62.55,-75.87,13.12
p1,1764316758.3806,-4.72,-68.7,-76.39,6.872
p1,1764316758.4099,6.746,-65.92,-76.6,10.3
p1,1764316758.4104,5.208,-67.69,-76.06,7.691
p1,1764316758.4551,4.763,-65.66,-75.54,9.404
p1,1764316758.4556,-5.487,-65.76,-75.9,9.707
p1,1764316758.5759,-4.246,-68.18,-76.27,7.363
p1,1764316758.5906,4.505,-66.24,-75.97,9.235
p1,1764316758.5909,-4.61,-66.28,-75.47,8.626
p1,1764316758.6346,-3.123,-64.81,-75.61,10.42
p1,1764316758.6356,5.257,-65.26,-76.12,10.49
p1,1764316758.7244,-5.932,-67.63,-76.23,7.956
p1,1764316758.7694,4.254,-67.6,-75.5,7.135
p1,1764316758.7699,4.377,-68.28,-75.54,6.358
p1,1764316758.7986,-4.012,-67.38,-75.35,7.215
p1,1764316758.7994,5.569,-68.15,-75.77,6.788
p1,1764316758.8431,-5.18,-63.13,-75.82,12.45
p1,1764316758.8436,5.167,-63.23,-75.36,11.85
p1,1764316759.4509,-6.676,-69.77,-77.41,6.81
p1,1764316764.0761,-4.666,-64.95,-72.94,7.235
p1,1764316764.1199,-4.039,-64.76,-72.48,6.917
p1,1764316766.3907,3.537,-57.92,-68.96,10.69
p1,1764316766.4127,3.579,-57.94,-68.06,9.673
p1,1764316766.5299,3.552,-57.01,-68.22,10.86
p1,1764316766.6617,3.617,-57.59,-67.83,9.81
p1,1764316776.4901,3.561,-58.39,-77.16,18.72
p1,1764316776.5121,3.566,-58.18,-77.91,19.68
p1,1764316776.6294,3.563,-58.26,-78.24,19.93
p1,1764316776.7611,3.555,-58.22,-78.22,19.95
C,1764316778.989,4,0
p1,1764316786.5896,3.559,-58.02,-78.2,20.14
p1,1764316786.6116,3.56,-57.84,-77.64,19.76
p1,1764316786.7289,3.56,-58.05,-77.3,19.2
p1,1764316786.8606,3.555,-58.3,-78.69,20.35
p1,1764316796.6891,3.562,-57.93,-78.55,20.59
p1,1764316796.7111,3.56,-58.14,-78.28,20.09
p1,1764316796.8281,3.561,-58.14,-78.08,19.89
p1,1764316796.9601,3.553,-58.1,-78.41,20.27
G,1764316798,13.069091667,-16.747466667,19.8
C,1764316798.979,5,0
p1,1764316806.7886,3.559,-58.02,-77.26,19.18
p1,1764316806.8104,3.566,-58.02,-76.94,18.86
p1,1764316806.9276,3.559,-58.26,-78.22,19.92
p1,1764316807.0594,2.886,-66.6,-78.82,11.95
p1,1764316807.0596,3.565,-57.91,-77.46,19.49
p1,1764316816.8879,3.556,-58.27,-77.74,19.41
p1,1764316816.9098,3.559,-58.15,-78.27,20.08
p1,1764316817.0271,3.564,-58.09,-78.15,20.01
p1,1764316817.1589,3.564,-58.12,-77.96,19.8
C,1764316818.991,4,0
p1,1764316826.9874,3.555,-57.9,-77.46,19.51
p1,1764316827.0094,3.557,-57.69,-77.78,20.04
p1,1764316827.1266,3.554,-57.93,-77.45,19.47
p1,1764316827.2584,3.557,-57.99,-77.85,19.81
p1,1764316837.0868,3.551,-58.02,-77.65,19.58
p1,1764316837.1088,3.557,-57.86,-77.95,20.05
p1,1764316837.2261,3.553,-58.06,-78,19.9
p1,1764316837.3578,3.56,-58.18,-78.36,20.13
p1,1764316847.1863,3.557,-57.91,-78.06,20.11
p1,1764316847.2083,3.555,-58.06,-77.86,19.75
p1,1764316847.3253,3.55,-57.98,-77.63,19.61
p1,1764316847.4574,3.56,-58.02,-77.81,19.74
p1,1764316857.2858,3.552,-58.05,-77.62,19.52
p1,1764316857.3078,3.551,-58.28,-77.59,19.26
p1,1764316857.4248,3.555,-58.23,-77.46,19.18
p1,1764316857.5568,3.551,-58.26,-77.77,19.46
G,1764316858,13.069088333,-16.747468333,19.5
C,1764316858.99,5,0
p1,1764316867.3851,3.55,-58.33,-77.52,19.14
p1,1764316867.4071,3.552,-58.13,-77.94,19.76
p1,1764316867.5243,3.564,-58.06,-77.65,19.53
p1,1764316867.6561,3.558,-58.14,-78.14,19.96
p1,1764316877.4846,3.554,-58.01,-78.07,20.01
p1,1764316877.5066,3.556,-58.06,-78.28,20.17
p1,1764316877.6238,3.553,-58.06,-77.68,19.57
p1,1764316877.7556,3.559,-57.94,-77.56,19.58
C,1764316878.997,4,0
p1,1764316887.5841,3.549,-58.65,-78.27,19.58
p1,1764316887.6061,3.554,-58.47,-78.11,19.6
p1,1764316887.7233,3.553,-58.62,-77.53,18.85
p1,1764316887.8551,3.553,-58.16,-77.66,19.46
p1,1764316897.6836,3.55,-57.98,-78.06,20.03
p1,1764316897.7056,3.551,-58.03,-77.56,19.49
p1,1764316897.8226,3.556,-58.16,-77.15,18.94
p1,1764316897.9546,3.558,-58.21,-78.42,20.17
p1,1764316907.7831,3.554,-58.18,-77.44,19.2
p1,1764316907.8048,3.551,-58.14,-77.23,19.04
p1,1764316907.9221,3.552,-58.07,-78.45,20.34
p1,1764316908.0541,3.555,-58.05,-77.55,19.45
p1,1764316917.8826,3.55,-58.2,-77.82,19.58
p1,1764316917.9045,3.562,-58.26,-77.72,19.41
p1,1764316918.0215,3.563,-58.2,-78.26,20.02
p1,1764316918.1535,3.552,-57.94,-77.55,19.56
G,1764316918,13.069086667,-16.747461667,19.2
C,1764316918.98,5,0
p1,1764316927.9820,3.552,-58.09,-77.4,19.26
p1,1764316928.0038,3.548,-58.22,-77.81,19.54
p1,1764316928.1210,3.557,-58.08,-78.46,20.34
p1,1764316928.2528,3.557,-57.99,-77.41,19.37
p1,1764316938.0813,3.559,-57.86,-77.86,19.96
p1,1764316938.1033,3.559,-57.94,-78.3,20.32
p1,1764316938.2205,3.556,-58.15,-77.98,19.78
p1,1764316938.3523,3.548,-58.13,-77.4,19.21
C,1764316938.991,4,0
p1,1764316948.1808,3.552,-58.01,-77.59,19.53
p1,1764316948.2028,3.554,-57.98,-78.25,20.22
p1,1764316948.3200,3.549,-58.24,-78.67,20.39
p1,1764316948.4518,3.55,-58.12,-77.68,19.51
p1,1764316958.2803,3.545,-57.89,-78.2,20.27
p1,1764316958.3023,3.548,-58.08,-77.89,19.76
p1,1764316958.4195,3.552,-58.25,-77.84,19.55
p1,1764316958.5513,3.558,-58.02,-77.76,19.7
C,1764316959.004,5,0
p1,1764316968.3797,3.548,-58.15,-78.02,19.82
p1,1764316968.4018,3.553,-58.41,-77.46,19
p1,1764316968.5188,3.551,-58.06,-77.6,19.48
p1,1764316968.6508,3.549,-57.98,-77.36,19.33
p1,1764316978.4790,3.553,-58.14,-77.64,19.45
p1,1764316978.5010,3.554,-58.13,-77.84,19.66
p1,1764316978.6182,3.557,-58,-77.38,19.33
p1,1764316978.7500,3.549,-58.05,-77.23,19.13
G,1764316978,13.069086667,-16.747466667,19.1
p1,1764316988.5785,3.548,-58.22,-77.77,19.51
p1,1764316988.6005,3.557,-58.09,-77.6,19.46
p1,1764316988.7178,3.556,-58.27,-77.72,19.4
p1,1764316988.8495,3.548,-58.09,-78.5,20.37
p1,1764316998.6780,3.549,-58.34,-78.23,19.85
p1,1764316998.7000,3.547,-58.3,-78.34,20
p1,1764316998.8172,3.553,-58.66,-78.05,19.33
p1,1764316998.9490,3.551,-58.34,-77.64,19.25
C,1764316999.004,4,0
p1,1764317008.7775,3.549,-58.06,-78.09,19.99
p1,1764317008.7995,3.549,-57.92,-78.02,20.06
p1,1764317008.9165,3.552,-57.92,-77.67,19.71
p1,1764317009.0485,3.553,-58.08,-77.79,19.67
p1,1764317018.8770,3.545,-58.03,-78.15,20.08
p1,1764317018.8987,3.559,-58.08,-77.88,19.75
p1,1764317018.8990,4,-67.04,-78.9,11.57
C,1764317019.005,5,0
p1,1764317019.0160,3.558,-58,-78.01,19.97
p1,1764317019.1480,3.553,-58.23,-78.33,20.05
p1,1764317028.9762,3.551,-58.27,-76.99,18.66
p1,1764317028.9982,3.553,-58.02,-77.2,19.12
p1,1764317029.1155,3.55,-57.96,-78.18,20.18
p1,1764317029.2472,3.555,-57.89,-77.65,19.7
p1,1764317029.2475,-5.351,-67.19,-79.13,11.65
G,1764317038,13.069081667,-16.74747,19
C,1764317039.004,4,0
p1,1764317039.0757,3.546,-58.14,-78.4,20.22
p1,1764317039.0977,3.558,-58.56,-78.16,19.56
p1,1764317039.2150,3.55,-58.4,-77.78,19.34
p1,1764317039.3467,3.55,-58,-77.72,19.68
p1,1764317049.1752,3.551,-58.08,-78.39,20.26
p1,1764317049.1972,3.552,-57.9,-78.41,20.47
p1,1764317049.3145,3.558,-58.07,-77.72,19.6
p1,1764317049.4462,3.554,-58.01,-77.96,19.91
C,1764317057.359,4,0
C,1764317059.005,5,0
p1,1764317059.2747,3.552,-58.27,-78.25,19.93
p1,1764317059.2967,3.55,-58.29,-78.03,19.69
p1,1764317059.4137,3.553,-58.25,-77.61,19.3
p1,1764317059.5457,3.554,-58.17,-78.01,19.8
p1,1764317069.3742,3.552,-58.11,-77.74,19.58
p1,1764317069.3962,3.553,-58.05,-77.2,19.09
p1,1764317069.5132,3.545,-58.28,-77.69,19.36
p1,1764317069.6452,3.553,-58.4,-77.35,18.9
p1,1764317079.4734,3.551,-58.29,-77.52,19.18
p1,1764317079.4955,3.559,-58.33,-77.5,19.11
p1,1764317079.6127,3.553,-58.04,-78.46,20.38
p1,1764317079.7444,3.553,-58.25,-77.48,19.18
p1,1764317089.5729,3.543,-58.22,-78.14,19.88
p1,1764317089.5949,3.551,-58.26,-78.35,20.05
p1,1764317089.7122,3.548,-58.27,-77.44,19.11
p1,1764317089.8439,3.554,-58.19,-78.11,19.87
G,1764317098,13.069076667,-16.747473333,19.6
C,1764317099.004,4,0
p1,1764317099.6724,3.546,-58.14,-78.28,20.1
p1,1764317099.6944,3.555,-58.14,-77.99,19.81
p1,1764317099.8117,3.553,-58.16,-77.72,19.51
p1,1764317099.9434,3.555,-58.06,-78.09,19.99
p1,1764317109.7719,3.547,-57.9,-77.64,19.69
p1,1764317109.7939,3.548,-58.32,-77.42,19.04
p1,1764317109.9109,3.556,-58.16,-77.94,19.73
p1,1764317110.0429,3.554,-58.17,-77.84,19.62
p1,1764317119.8714,3.545,-58.46,-78.62,20.13
p1,1764317119.8932,3.554,-58.51,-78.03,19.47
p1,1764317119.8934,4,-67.37,-79.14,11.46
p1,1764317120.0104,3.55,-58.37,-77.63,19.22
p1,1764317120.1422,3.553,-58.11,-77.71,19.56
p1,1764317120.1424,4,-67.08,-79.28,11.93
p1,1764317129.9706,3.554,-57.95,-77.68,19.69
p1,1764317129.9927,3.55,-57.88,-78.32,20.4
p1,1764317130.1099,3.556,-58.21,-78.17,19.92
p1,1764317130.2417,3.549,-57.77,-77.85,20.04
C,1764317139.006,5,0
p1,1764317140.0701,3.552,-58.12,-77.61,19.44
p1,1764317140.0921,3.547,-58.35,-78.56,20.17
p1,1764317140.2094,3.551,-58.03,-77.42,19.34
p1,1764317140.3411,3.555,-58.09,-78.12,19.99
p1,1764317150.1696,3.549,-58.24,-77.7,19.41
p1,1764317150.1917,3.55,-58.16,-77.72,19.52
p1,1764317150.3086,4,-67.04,-79.06,11.74
p1,1764317150.3089,3.544,-58.4,-77.5,19.05
p1,1764317150.4406,3.549,-58.56,-78.01,19.4
G,1764317158,13.069075,-16.747475,18.5
C,1764317159.002,4,0
p1,1764317160.2691,3.549,-58.33,-77.6,19.21
p1,1764317160.2911,3.549,-58.11,-78.09,19.94
p1,1764317160.4081,3.543,-58.19,-77.46,19.21
p1,1764317160.5401,3.542,-57.92,-78.01,20.04
p1,1764317170.3684,3.547,-58.31,-77.64,19.28
p1,1764317170.3904,3.552,-58.02,-77.91,19.84
p1,1764317170.3906,4,-67.19,-78.59,11.08
p1,1764317170.5076,3.545,-58.14,-77.56,19.37
p1,1764317170.6394,4,-67.44,-78.74,10.97
p1,1764317170.6397,3.55,-57.94,-77.7,19.71
C,1764317179.004,5,0
p1,1764317180.4679,3.548,-58.35,-77.68,19.28
p1,1764317180.4899,3.558,-58.25,-77.75,19.44
p1,1764317180.6071,3.549,-58.07,-78.15,20.03
p1,1764317180.7389,3.554,-58.16,-77.22,19.01
p1,1764317190.5674,3.545,-58.18,-78.05,19.83
p1,1764317190.5894,3.557,-58.17,-77.41,19.19
p1,1764317190.7066,3.542,-57.88,-77.46,19.53
p1,1764317190.8384,3.55,-58.09,-77.67,19.54
C,1764317199.005,4,0
p1,1764317200.6669,3.542,-57.82,-78.78,20.93
p1,1764317200.6889,3.552,-58.09,-77.75,19.62
p1,1764317200.8059,4,-67.57,-79.12,11.24
p1,1764317200.8061,3.551,-58.27,-77.11,18.78
p1,1764317200.9379,3.545,-57.86,-77.66,19.75
p1,1764317210.7664,3.545,-58.02,-77.5,19.43
p1,1764317210.7884,3.554,-58.21,-77.84,19.59
p1,1764317210.9054,3.552,-57.96,-78.41,20.41
p1,1764317211.0373,3.547,-58.14,-77.61,19.42
G,1764317218,13.069078333,-16.747475,19.5
p1,1764317220.8656,3.55,-57.92,-77.35,19.38
p1,1764317220.8876,3.554,-57.86,-77.87,19.96
p1,1764317221.0049,3.547,-58.02,-78.25,20.19
p1,1764317221.1366,3.546,-58.11,-77.73,19.58
p1,1764317230.9651,3.54,-57.95,-77.99,20
p1,1764317230.9871,3.55,-57.91,-78.23,20.28
p1,1764317231.1044,3.541,-58.15,-78.65,20.46
p1,1764317231.2361,3.551,-58.07,-78.37,20.26
C,1764317239.007,5,0
p1,1764317241.0646,3.543,-58.21,-77.88,19.62
p1,1764317241.0866,3.55,-58.18,-77.92,19.69
p1,1764317241.2038,3.552,-58.16,-77.64,19.43
p1,1764317241.3356,3.549,-57.82,-78.14,20.28
p1,1764317251.1641,3.544,-58.1,-77.47,19.32
p1,1764317251.1861,3.554,-58.22,-77.95,19.69
p1,1764317251.3031,4,-67.29,-78.41,10.77
p1,1764317251.3033,3.549,-58.18,-77.25,19.02
p1,1764317251.4351,3.549,-58.23,-77.55,19.27
C,1764317259.004,4,0
p1,1764317261.2636,3.547,-58.33,-77.34,18.96
p1,1764317261.2856,3.548,-58.26,-78.5,20.2
p1,1764317261.4026,3.547,-57.86,-77.85,19.95
p1,1764317261.5346,3.54,-57.93,-77.15,19.17
p1,1764317271.3628,3.54,-58.21,-77.48,19.23
p1,1764317271.3848,3.544,-58.11,-77.46,19.29
p1,1764317271.5021,3.543,-57.96,-78.25,20.25
p1,1764317271.6338,3.547,-58.2,-78.37,20.13
p1,1764317271.6341,4,-66.88,-78.97,11.82
G,1764317278,13.069076667,-16.747476667,19.4
p1,1764317281.4623,3.534,-58.02,-78.76,20.7
p1,1764317281.4843,3.55,-58.21,-77.88,19.63
p1,1764317281.6016,3.543,-58.34,-78.25,19.86
p1,1764317281.7333,3.543,-57.93,-78.46,20.49
p1,1764317291.5618,3.539,-58.12,-77.57,19.4
p1,1764317291.5838,3.541,-58,-77.84,19.8
p1,1764317291.7011,3.543,-58.15,-77.96,19.77
p1,1764317291.8328,3.546,-58.15,-78.09,19.9
C,1764317299.007,5,0
p1,1764317301.6613,3.538,-58,-78.11,20.06
p1,1764317301.6833,3.547,-58.23,-77.79,19.51
p1,1764317301.8003,4,-67.63,-78.98,11.02
p1,1764317301.8005,3.544,-58.26,-77.61,19.3
p1,1764317301.9323,3.544,-57.94,-77.71,19.72
p1,1764317311.7608,3.54,-58.3,-77.67,19.31
p1,1764317311.7826,3.536,-58.25,-77.78,19.48
p1,1764317311.8998,3.54,-58.14,-78.12,19.94
p1,1764317312.0318,3.546,-58.45,-77.55,19.04
C,1764317319.005,4,0
p1,1764317321.8600,3.543,-58.52,-77.21,18.63
p1,1764317321.8820,3.548,-58.5,-76.83,18.26
p1,1764317321.9993,3.539,-58.72,-78.46,19.69
p1,1764317322.1310,3.53,-58.56,-77.84,19.23
p1,1764317331.9595,3.54,-58.2,-77.15,18.9
p1,1764317331.9815,3.539,-58.09,-77.94,19.81
p1,1764317332.0988,3.54,-58.08,-78.07,19.95
p1,1764317332.2305,3.544,-58.5,-77.9,19.35
G,1764317338,13.069075,-16.747475,19.4
C,1764317339.007,5,0
p1,1764317342.0590,3.536,-58.14,-77.68,19.49
p1,1764317342.0810,3.535,-58.14,-77.94,19.76
p1,1764317342.1983,3.536,-58.56,-77.68,19.07
p1,1764317342.3300,3.534,-58.17,-78.25,20.03
p1,1764317352.1585,3.534,-58.3,-77.61,19.26
p1,1764317352.1805,3.526,-58.33,-77.78,19.41
p1,1764317352.2975,3.538,-58.38,-78.08,19.65
p1,1764317352.4295,3.539,-58.24,-77.72,19.43
C,1764317359.004,4,0
p1,1764317362.2578,5.423,-67.56,-79.56,11.71
p1,1764317362.2580,3.537,-58.21,-77.25,18.99
p1,1764317362.2798,3.537,-58.28,-77.69,19.36
p1,1764317362.3970,3.535,-58.29,-77.79,19.45
p1,1764317362.5288,3.537,-58.3,-77.47,19.12
p1,1764317362.5290,5.275,-67.69,-79.2,11.19
p1,1764317372.3573,3.538,-58.6,-78.06,19.41
p1,1764317372.3793,3.536,-58.51,-77.8,19.24
p1,1764317372.4965,3.527,-58.19,-78.19,19.96
p1,1764317372.6283,3.534,-58.25,-77.96,19.66
p1,1764317382.4568,3.526,-58.2,-77.59,19.34
p1,1764317382.4788,3.538,-58.32,-78.11,19.75
p1,1764317382.5960,3.531,-58.37,-77.82,19.4
p1,1764317382.7278,3.531,-58.08,-78.14,20.02
p1,1764317392.5563,3.53,-58.08,-78.23,20.11
p1,1764317392.5782,3.534,-57.98,-78.45,20.44
p1,1764317392.6952,3.528,-58.2,-77.47,19.22
p1,1764317392.8273,3.529,-58.17,-77.92,19.7
G,1764317398,13.069075,-16.747473333,19.4
C,1764317399.004,5,0
p1,1764317402.6557,3.53,-58.48,-78.1,19.57
p1,1764317402.6777,3.528,-58.53,-77.41,18.83
p1,1764317402.7947,3.525,-58.48,-77.61,19.07
p1,1764317402.9267,3.53,-58.2,-77.5,19.25
p1,1764317412.7550,3.526,-58.46,-77.24,18.72
p1,1764317412.7770,3.533,-57.96,-78.12,20.11
p1,1764317412.8943,3.529,-58.08,-78.04,19.91
p1,1764317413.0260,3.532,-58.39,-77.94,19.5
C,1764317419.004,4,0
p1,1764317422.8545,3.526,-58.19,-77.88,19.64
p1,1764317422.8765,3.527,-58.1,-77.35,19.2
p1,1764317422.9937,3.522,-58.12,-77.33,19.16
p1,1764317423.1255,3.53,-58.21,-77.84,19.58
p1,1764317432.9540,3.526,-58.21,-77.81,19.55
p1,1764317432.9760,3.53,-58.09,-78.55,20.42
p1,1764317433.0932,3.525,-58.3,-78.33,19.98
p1,1764317433.2250,3.528,-58.06,-77.83,19.72
C,1764317439.005,5,0
p1,1764317443.0535,3.528,-58.6,-78.69,20.05
p1,1764317443.0755,3.527,-58.32,-77.09,18.71
p1,1764317443.1925,3.523,-58.47,-77.57,19.05
p1,1764317443.3245,3.528,-58.22,-77.75,19.49
p1,1764317453.1530,3.525,-58.05,-77.39,19.29
p1,1764317453.1747,3.523,-57.94,-77.47,19.48
p1,1764317453.2920,3.519,-58.1,-77.1,18.95
p1,1764317453.4237,3.527,-58.12,-77.77,19.6
G,1764317458,13.069076667,-16.747473333,19.4
p1,1764317463.2522,3.523,-58.24,-77.7,19.41
p1,1764317463.2742,3.523,-58.1,-77.21,19.06
p1,1764317463.3915,3.527,-58.47,-77.45,18.92
p1,1764317463.5232,3.53,-58.47,-78.48,19.96
p1,1764317473.3517,3.523,-58.1,-77.3,19.15
p1,1764317473.3737,3.522,-58.42,-77.5,19.03
p1,1764317473.4909,3.526,-58.33,-77.48,19.1
p1,1764317473.6227,3.525,-57.97,-77.29,19.26
C,1764317479.004,4,0
p1,1764317483.4512,3.521,-58.07,-78.06,19.95
p1,1764317483.4732,3.525,-58.32,-77.01,18.63
p1,1764317483.5904,3.52,-58.14,-76.88,18.68
p1,1764317483.7222,3.522,-58.26,-77.4,19.09
p1,1764317493.5507,3.521,-58.22,-77.9,19.64
p1,1764317493.5727,3.526,-58.06,-77.56,19.45
p1,1764317493.6897,3.519,-58.27,-78.15,19.83
p1,1764317493.8217,3.523,-58.3,-77.23,18.87
C,1764317499.004,5,0
p1,1764317503.6499,3.519,-58.18,-76.9,18.66
p1,1764317503.6719,3.521,-58.28,-77,18.66
p1,1764317503.7892,3.524,-58.32,-77.75,19.38
p1,1764317503.9209,3.524,-58.31,-77.19,18.82
p1,1764317513.7494,3.522,-58.16,-77.28,19.06
p1,1764317513.7714,3.529,-58.24,-77.37,19.08
p1,1764317513.8887,3.522,-58.3,-78.21,19.86
p1,1764317514.0204,3.525,-58.07,-76.88,18.75
G,1764317518,13.069075,-16.747471667,19.4
C,1764317519.004,4,0
p1,1764317523.8489,3.523,-58.26,-77.79,19.48
p1,1764317523.8709,3.52,-58.22,-77.89,19.62
p1,1764317523.9882,3.521,-58.2,-77.56,19.31
p1,1764317524.1199,3.521,-58.21,-77.27,19
p1,1764317533.9484,3.518,-58.39,-77.17,18.72
p1,1764317533.9704,3.517,-57.87,-76.66,18.73
p1,1764317534.0874,3.518,-58.29,-78.29,19.95
p1,1764317534.2194,3.519,-58.11,-77.49,19.33
p1,1764317544.0477,3.514,-58.31,-77.01,18.64
p1,1764317544.0697,3.521,-58.17,-77.12,18.89
p1,1764317544.1869,3.521,-58.16,-77.86,19.65
p1,1764317544.3187,3.524,-58.17,-77.38,19.16
p1,1764317554.1471,3.515,-58.07,-77,18.87
p1,1764317554.1691,3.524,-58.41,-77.33,18.86
p1,1764317554.2864,3.517,-58.27,-78.42,20.11
p1,1764317554.4182,3.517,-58.28,-77.78,19.45
C,1764317559.004,5,0
p1,1764317564.2467,3.519,-58.31,-77.48,19.12
p1,1764317564.2686,3.523,-58.39,-77.18,18.73
p1,1764317564.3859,3.516,-58.38,-76.67,18.23
p1,1764317564.5176,3.52,-58.09,-77.72,19.58
p1,1764317574.3461,3.521,-58.17,-77.58,19.36
p1,1764317574.3681,3.521,-58.14,-77.39,19.2
p1,1764317574.4851,3.517,-58.22,-77.44,19.17
p1,1764317574.6171,3.527,-58.27,-77.24,18.91
G,1764317578,13.069073333,-16.747473333,19.3
C,1764317579.004,4,0
p1,1764317584.4454,3.516,-58.26,-76.36,18.03
p1,1764317584.4674,3.521,-58.16,-76.96,18.74
p1,1764317584.4676,-4.717,-67.1,-78.33,10.89
p1,1764317584.5846,3.519,-57.86,-77.02,19.1
p1,1764317584.7164,3.518,-58.32,-77.2,18.82
p1,1764317594.5449,3.516,-58.08,-77.3,19.18
p1,1764317594.5669,3.516,-58.27,-77.21,18.89
p1,1764317594.6841,3.519,-58.17,-78.77,20.56
p1,1764317594.8159,3.521,-58.16,-77.36,19.15
p1,1764317604.6444,3.517,-58.06,-77.38,19.27
p1,1764317604.6664,3.515,-58.19,-77.38,19.14
p1,1764317604.7836,3.522,-58.18,-77.56,19.33
p1,1764317604.9154,3.515,-58.04,-76.53,18.43
p1,1764317614.7439,3.521,-58.13,-77.39,19.21
p1,1764317614.7659,3.52,-58.26,-77.1,18.79
p1,1764317614.8829,3.514,-58.41,-77.64,19.18
p1,1764317615.0149,3.52,-58.26,-77.72,19.42
C,1764317619.007,5,0
p1,1764317624.8434,3.515,-58.29,-77.2,18.85
p1,1764317624.8654,3.518,-58.57,-76.6,17.95
p1,1764317624.9824,3.516,-58.44,-77.34,18.85
p1,1764317625.1141,4.758,-67.93,-78.7,10.39
p1,1764317625.1144,3.52,-58.5,-77.22,18.66
p1,1764317634.9426,3.515,-58.7,-76.43,17.65
p1,1764317634.9646,3.516,-58.43,-75.93,17.43
p1,1764317635.0819,3.515,-58.35,-77.32,18.91
p1,1764317635.2136,3.514,-58.42,-76.79,18.31
G,1764317638,13.069071667,-16.747473333,19.1
C,1764317639.004,4,0
p1,1764317645.0421,3.516,-57.95,-76.96,18.95
p1,1764317645.0641,3.517,-58.12,-77.54,19.38
p1,1764317645.1813,3.516,-58.16,-76.7,18.48
p1,1764317645.3131,3.517,-58.18,-76.91,18.67
p1,1764317655.1416,3.516,-58.16,-77.02,18.8
p1,1764317655.1636,3.514,-57.89,-77.18,19.24
p1,1764317655.2808,3.523,-58.29,-77.32,18.97
p1,1764317655.4126,3.517,-58.37,-76.61,18.17
C,1764317657.828,4,0
C,1764317659.005,5,0
p1,1764317665.2411,3.512,-58.66,-77.05,18.32
p1,1764317665.2631,3.521,-58.71,-76.36,17.57
p1,1764317665.3801,3.521,-57.66,-75.98,18.26
p1,1764317665.5118,4.725,-67.59,-77.66,9.619
p1,1764317665.5121,3.518,-58.25,-77.33,19.02
p1,1764317675.3403,3.52,-57.87,-75,17.04
p1,1764317675.3623,3.51,-57.9,-75.7,17.74
p1,1764317675.4796,3.517,-58.29,-75.58,17.2
p1,1764317675.6113,3.514,-57.83,-75.34,17.43
C,1764317679.004,4,0
p1,1764317685.4398,3.518,-58.61,-74.04,15.3
p1,1764317685.4618,3.52,-58.55,-74.24,15.57
p1,1764317685.5791,3.514,-58.52,-75.2,16.58
p1,1764317685.7108,3.521,-58.08,-75.12,16.96
p1,1764317695.5393,3.52,-58.33,-76.85,18.46
p1,1764317695.5613,3.516,-58.14,-77,18.81
p1,1764317695.6786,3.517,-58.55,-76.76,18.15
p1,1764317695.8103,3.516,-58.2,-76.8,18.55
G,1764317698,13.069071667,-16.747471667,19.1
p1,1764317705.6388,3.517,-58.59,-76.86,18.21
p1,1764317705.6608,3.52,-58.05,-76.94,18.82
p1,1764317705.7778,3.519,-58.03,-76.91,18.82
p1,1764317705.9098,3.51,-58.23,-76.64,18.34
p1,1764317715.7381,3.517,-58.17,-76.13,17.88
p1,1764317715.7600,3.519,-58.28,-76.57,18.23
p1,1764317715.8773,3.515,-58.47,-77.83,19.31
p1,1764317716.0090,3.514,-58.24,-77.24,18.94
C,1764317719.007,5,0
p1,1764317725.8375,3.513,-57.93,-78.16,20.19
p1,1764317725.8595,3.516,-58.22,-77.58,19.31
p1,1764317725.9768,3.517,-58.28,-76.92,18.58
p1,1764317726.1086,3.51,-58.39,-77.31,18.86
p1,1764317735.9370,3.514,-58.05,-76.54,18.43
p1,1764317735.9590,3.521,-58.06,-76.47,18.35
p1,1764317736.0763,3.515,-58.24,-76.86,18.55
p1,1764317736.2080,3.513,-57.92,-76.91,18.94
C,1764317739.005,4,0
p1,1764317746.0365,3.512,-58.27,-76.54,18.21
p1,1764317746.0585,3.518,-58.24,-76.25,17.94
p1,1764317746.1755,3.513,-57.87,-76.11,18.18
p1,1764317746.3075,3.515,-58.26,-76.92,18.6
p1,1764317756.1360,3.514,-58.4,-75.74,17.26
p1,1764317756.1578,3.514,-58.21,-77.14,18.87
p1,1764317756.1580,-4.662,-67.42,-77.82,9.991
p1,1764317756.2750,3.512,-58.12,-77.09,18.92
p1,1764317756.4068,3.518,-58.23,-76.74,18.46
G,1764317758,13.06907,-16.747471667,19
C,1764317759.005,5,0
p1,1764317766.2353,3.513,-58.1,-76.6,18.44
p1,1764317766.2573,3.519,-58.39,-76.99,18.55
p1,1764317766.3745,3.515,-57.97,-76.54,18.51
p1,1764317766.5063,3.519,-58.33,-77.19,18.81
p1,1764317776.3347,3.513,-58.35,-76.18,17.76
p1,1764317776.3567,3.519,-58.49,-76.75,18.19
p1,1764317776.4740,3.514,-58.1,-76.46,18.3
p1,1764317776.6058,3.507,-58.17,-76.95,18.72
p1,1764317786.4343,3.509,-58.29,-76.75,18.39
p1,1764317786.4563,3.518,-58.22,-76.84,18.56
p1,1764317786.5732,3.515,-58.31,-76.33,17.96
p1,1764317786.7052,3.511,-58.3,-76.65,18.28
p1,1764317796.5335,-4.663,-67.92,-77.61,9.191
p1,1764317796.5338,3.514,-58.05,-76.68,18.56
p1,1764317796.5555,3.513,-58.46,-76.73,18.2
p1,1764317796.6727,3.515,-58.05,-76.7,18.6
p1,1764317796.8045,3.513,-57.98,-76.58,18.54
C,1764317799.004,4,0
p1,1764317806.6330,3.51,-58.39,-76.42,17.96
p1,1764317806.6550,3.52,-57.96,-76.71,18.69
p1,1764317806.7723,3.516,-58.4,-76.38,17.91
p1,1764317806.9040,3.515,-58.24,-76.56,18.26
p1,1764317816.7325,3.509,-58.45,-76.35,17.83
p1,1764317816.7545,3.513,-57.99,-76.24,18.18
p1,1764317816.8717,3.518,-58.27,-76.18,17.84
p1,1764317817.0035,3.511,-58.72,-76.98,18.19
G,1764317818,13.06907,-16.747471667,18.9
C,1764317819.007,5,0
p1,1764317826.8320,3.512,-57.94,-76.68,18.68
p1,1764317826.8540,3.505,-58.37,-76.57,18.13
p1,1764317826.9710,3.515,-58.16,-76.65,18.43
p1,1764317827.1030,3.517,-58.29,-76.76,18.41
p1,1764317836.9312,3.515,-58.34,-76.54,18.14
p1,1764317836.9532,3.514,-58.26,-76.73,18.41
p1,1764317837.0705,3.511,-58.28,-76.19,17.83
p1,1764317837.2022,3.515,-58.65,-76.4,17.67
C,1764317839.007,4,0
p1,1764317847.0307,3.511,-58.38,-76.57,18.12
p1,1764317847.0527,3.518,-58.14,-76.14,17.92
p1,1764317847.1700,3.514,-58.14,-77.03,18.84
p1,1764317847.3017,3.512,-58.34,-76.65,18.25
p1,1764317857.1302,3.514,-58.17,-76.54,18.31
p1,1764317857.1522,3.517,-58.04,-76.53,18.43
p1,1764317857.2695,3.513,-58.33,-76.28,17.89
p1,1764317857.4012,3.515,-58.01,-77.25,19.19
p1,1764317867.2297,3.519,-57.99,-76.58,18.52
p1,1764317867.2517,3.513,-58.32,-76.46,18.08
p1,1764317867.3687,3.52,-58.02,-76.42,18.34
p1,1764317867.3689,-4.723,-67.72,-77.16,8.919
p1,1764317867.5007,3.511,-58.12,-76.34,18.15
p1,1764317877.3289,-4.671,-68.53,-76.9,7.696
p1,1764317877.3292,3.519,-58.88,-76.38,17.42
p1,1764317877.3509,3.515,-59.14,-75.68,16.44
p1,1764317877.4682,3.513,-59.15,-75.8,16.56
p1,1764317877.6002,3.522,-59.18,-76.37,17.11
G,1764317878,13.06907,-16.747475,18.7
C,1764317879.002,5,0
p1,1764317887.4285,3.512,-58.37,-76.38,17.95
p1,1764317887.4504,3.517,-58.42,-77.53,19.06
p1,1764317887.5677,3.512,-58.62,-76.74,18.05
p1,1764317887.6994,3.514,-58.42,-76.1,17.61
p1,1764317897.5280,3.513,-58.17,-76.52,18.29
p1,1764317897.5499,3.518,-58.39,-76.92,18.47
p1,1764317897.6672,3.514,-58.19,-76.32,18.07
p1,1764317897.7989,3.509,-57.96,-77.03,19.01
C,1764317899.004,4,0
p1,1764317907.6274,3.518,-58.39,-76.78,18.32
p1,1764317907.6494,3.514,-58.31,-76.66,18.28
p1,1764317907.7664,3.512,-58.56,-76.51,17.88
p1,1764317907.7667,-4.655,-67.71,-77.03,8.776
p1,1764317907.8984,3.517,-58.22,-76.53,18.24
p1,1764317917.7269,3.513,-58.57,-76.12,17.47
p1,1764317917.7487,3.519,-57.8,-76.18,18.32
p1,1764317917.7489,-4.672,-66.76,-77.56,10.42
p1,1764317917.8659,3.518,-58.11,-76.56,18.39
p1,1764317917.9977,4.665,-67.5,-77.88,9.961
p1,1764317917.9979,3.512,-58.35,-76.59,18.17
C,1764317919.005,5,0
p1,1764317927.8262,3.516,-58.09,-77.18,19.04
p1,1764317927.8482,3.513,-58.6,-76.96,18.29
p1,1764317927.9654,3.512,-58.35,-76.5,18.08
p1,1764317928.0972,3.509,-58.24,-76.67,18.37
p1,1764317937.9257,3.516,-58.18,-76.75,18.5
p1,1764317937.9477,3.513,-58.26,-76.47,18.15
p1,1764317938.0649,3.511,-58.64,-77.25,18.55
p1,1764317938.1967,3.507,-58.43,-77,18.51
G,1764317938,13.069071667,-16.747475,18.6
p1,1764317948.0252,3.513,-58.32,-77.09,18.72
p1,1764317948.0472,3.51,-58.4,-76.93,18.47
p1,1764317948.1641,3.513,-58.69,-76.25,17.49
p1,1764317948.1644,-4.696,-68.23,-77.33,8.529
p1,1764317948.2962,3.517,-58.28,-76.8,18.46
p1,1764317958.1246,3.516,-58.34,-76.52,18.12
p1,1764317958.1464,3.511,-58.34,-75.52,17.1
p1,1764317958.2636,3.518,-58.16,-76.8,18.57
p1,1764317958.3954,4.723,-67.24,-77.62,9.965
p1,1764317958.3957,3.518,-58.22,-76.5,18.22
C,1764317959.004,4,0
p1,1764317968.2239,3.514,-58.08,-76.49,18.35
p1,1764317968.2459,3.516,-58.37,-76.71,18.27
p1,1764317968.3631,3.514,-58.12,-76.94,18.76
p1,1764317968.4949,3.514,-58.25,-76.6,18.29
p1,1764317978.3234,3.508,-58.46,-76.66,18.13
p1,1764317978.3454,3.515,-58.5,-76.47,17.89
p1,1764317978.4626,3.516,-58.52,-76.44,17.84
p1,1764317978.5944,3.509,-58.15,-76.6,18.39
C,1764317979.012,5,0
p1,1764317988.4229,3.514,-58.14,-76.45,18.24
p1,1764317988.4449,3.513,-58.25,-75.9,17.58
p1,1764317988.5619,3.508,-58.53,-76.91,18.32
p1,1764317988.6939,3.514,-58.34,-76.28,17.87
p1,1764317998.5224,3.51,-58.3,-76.49,18.12
p1,1764317998.5441,4.689,-66.87,-77.6,10.34
p1,1764317998.5444,3.514,-58.15,-76.07,17.86
p1,1764317998.6614,3.514,-58.2,-76.45,18.19
p1,1764317998.7934,3.508,-58.12,-76.3,18.12
G,1764317998,13.069071667,-16.747475,18.5
C,1764317999.007,4,0
p1,1764318008.6216,3.506,-58.27,-76.1,17.76
p1,1764318008.6436,3.511,-58.71,-76.27,17.49
p1,1764318008.7609,3.513,-58.39,-76.28,17.83
p1,1764318008.8926,3.511,-58.5,-76.09,17.52
p1,1764318018.7211,3.51,-58.09,-77.25,19.11
p1,1764318018.7431,3.513,-58.1,-76.45,18.29
p1,1764318018.8604,3.508,-58.41,-76.44,17.96
p1,1764318018.9921,3.513,-58.11,-76.54,18.37
p1,1764318028.8206,3.51,-58.21,-76.2,17.91
p1,1764318028.8426,3.509,-58.36,-76.65,18.23
p1,1764318028.9596,3.51,-58.14,-76.62,18.42
p1,1764318029.0916,3.514,-58.08,-75.88,17.73
p1,1764318038.9201,3.508,-58.28,-76.1,17.75
p1,1764318038.9419,3.514,-58.19,-76.17,17.91
C,1764318039.006,5,0
p1,1764318039.0591,3.514,-58.27,-76.13,17.78
p1,1764318039.1911,3.515,-58.55,-76.59,17.97
p1,1764318049.0193,3.509,-58.19,-76.12,17.86
p1,1764318049.0413,3.517,-57.88,-76.64,18.71
p1,1764318049.1586,3.511,-58.38,-76.4,17.95
p1,1764318049.2903,3.512,-58.22,-76.89,18.61
G,1764318058,13.069071667,-16.747475,18.4
C,1764318059.007,4,0
p1,1764318059.1188,3.512,-58.33,-76.13,17.73
p1,1764318059.1408,3.506,-58.2,-75.99,17.72
p1,1764318059.2581,3.512,-58.37,-76.84,18.4
p1,1764318059.3898,3.512,-58.32,-76.39,18
p1,1764318069.2183,3.51,-58.21,-76.52,18.24
p1,1764318069.2403,3.512,-58.45,-76.19,17.66
p1,1764318069.3573,3.51,-58.19,-76.44,18.19
p1,1764318069.4893,3.512,-58.13,-77,18.81
C,1764318079.006,5,0
p1,1764318079.3178,3.514,-57.98,-76.28,18.24
p1,1764318079.3398,3.512,-58.59,-76.31,17.65
p1,1764318079.4568,3.513,-58.08,-76.58,18.44
p1,1764318079.5888,3.511,-58.26,-76.3,17.97
p1,1764318089.4171,3.509,-58.31,-76.71,18.34
p1,1764318089.4391,3.503,-58.13,-76.05,17.86
p1,1764318089.5563,3.51,-58.19,-77.41,19.16
p1,1764318089.6881,3.514,-58.35,-76.86,18.45
p1,1764318099.5165,3.509,-58.02,-76.68,18.6
p1,1764318099.5386,3.511,-58.2,-76.64,18.38
p1,1764318099.6558,3.517,-58.18,-77.5,19.27
p1,1764318099.7875,3.512,-58.23,-76.32,18.03
p1,1764318102.2701,6.626,-69.82,-77.62,7.011
p1,1764318107.1346,3.99,-69.13,-76.33,6.282
p1,1764318107.1348,3.921,-69.1,-76.15,6.092
p1,1764318107.5768,4.758,-66.57,-74.96,7.71
p1,1764318107.5773,7.55,-65.58,-74.68,8.525
p1,1764318107.7591,3.673,-62.09,-74.37,12.01
p1,1764318107.8296,-4.77,-60.58,-70.75,9.74
p1,1764318107.8303,-4.661,-60.92,-70.83,9.444
p1,1764318107.8501,4.291,-63.88,-73.66,9.294
p1,1764318107.8503,4.272,-63.45,-72.9,8.926
p1,1764318107.8718,-4.306,-59.83,-73.19,13.16
p1,1764318107.8963,3.101,-66.16,-73.72,6.72
p1,1764318107.8965,4.01,-66.3,-74.46,7.437
p1,1764318107.9378,3.612,-65.91,-72.9,6.011
p1,1764318107.9563,6.332,-65.51,-73.11,6.77
p1,1764318107.9976,-3.717,-63.08,-73.72,10.25
p1,1764318108.0545,-3.966,-63.23,-71.53,7.608
p1,1764318108.0821,-2.882,-60.71,-72.39,11.37
p1,1764318108.0826,3.902,-63.54,-73.13,9.086
p1,1764318108.1286,2.736,-63.76,-73.08,8.775
p1,1764318108.1423,-2.677,-62.32,-70.88,7.909
p1,1764318108.2411,-6.163,-64.04,-72.88,8.228
p1,1764318108.2833,3.8,-64.09,-71.16,6.119
p1,1764318108.3351,3.885,-62.5,-71.9,8.872
p1,1764318108.3368,4.34,-62.83,-71.53,8.079
p1,1764318108.3605,-6.19,-57.24,-73.09,15.74
p1,1764318108.3610,-5.382,-57.43,-72.51,14.94
p1,1764318108.3773,-2.362,-62.56,-73.24,10.29
p1,1764318108.5088,-5.107,-58.11,-68.26,9.705
p1,1764318108.5096,-5.126,-58.69,-67.42,8.1
p1,1764318108.5331,2.876,-62.19,-71.97,9.294
p1,1764318108.5508,-1.401,-59.21,-69.55,9.917
p1,1764318108.5513,-5.487,-59.21,-68.52,8.764
p1,1764318108.5823,-6.399,-61.09,-70.69,9.09
p1,1764318108.6353,-4.782,-64.53,-71.54,6.05
p1,1764318108.6361,-4.856,-63.59,-71.74,7.427
p1,1764318108.6571,-6.683,-61.16,-69.77,7.963
p1,1764318108.6573,3.506,-61.21,-70.97,9.277
p1,1764318108.6728,2.694,-64.1,-71.27,6.254
p1,1764318108.7158,6.217,-61.56,-72.1,10.14
p1,1764318108.7160,2.206,-62.54,-71.41,8.261
p1,1764318108.7371,7.6,-57.91,-72.6,14.53
p1,1764318108.7653,-6.423,-61.4,-71.98,10.19
p1,1764318108.7856,2.71,-59.02,-67.41,7.706
p1,1764318108.7861,7.432,-58.7,-67.56,8.256
p1,1764318108.8250,-3.872,-59.71,-67.67,7.209
p1,1764318108.8263,-5.125,-59.26,-67.31,7.311
p1,1764318108.8425,5.5,-62.12,-70.97,8.244
p1,1764318108.8428,5.542,-62.68,-71.48,8.192
p1,1764318108.8638,3.047,-58.57,-67.08,7.85
p1,1764318108.8643,-7.6,-58.4,-68.15,9.269
p1,1764318108.8860,-6.221,-61.59,-69.61,7.276
p1,1764318108.9488,-4.294,-60.16,-67.67,6.662
p1,1764318109.0053,5.451,-62.43,-70.1,6.849
p1,1764318109.0058,4.708,-62.07,-70.76,8.064
p1,1764318109.0851,6.311,-63.25,-72.41,8.603
p1,1764318109.1311,-2.742,-61.2,-69.31,7.375
p1,1764318109.1313,-5.069,-61.47,-68.79,6.427
p1,1764318109.2678,4.685,-63.45,-71.93,7.819
p1,1764318109.2683,6.31,-63.62,-72.4,8.163
p1,1764318109.2863,5.548,-63.48,-71.65,7.45
p1,1764318109.2868,-5.258,-63.67,-71.07,6.527
p1,1764318109.3111,-7.563,-64.65,-71.68,6.063
p1,1764318109.3333,6.669,-57.43,-68.07,10.25
p1,1764318109.4200,-7.6,-55.72,-66.63,10.54
p1,1764318109.4203,2.677,-56,-66.57,10.17
p1,1764318109.4283,6.586,-57.97,-64.97,6.033
p1,1764318109.4703,-6.668,-57.21,-68.17,10.6
p1,1764318109.4706,2.361,-57.03,-67.55,10.12
p1,1764318109.4971,-5.57,-60.56,-69.59,8.443
p1,1764318109.5225,-2.223,-61.76,-71.79,9.576
p1,1764318109.5445,5.184,-62.54,-71.63,8.509
p1,1764318109.5891,-7.6,-55.61,-72.14,16.43
p1,1764318109.6160,3.514,-57.37,-68.94,11.26
p1,1764318109.6243,-4.303,-62.4,-70.71,7.622
p1,1764318109.6383,3.511,-57.24,-71.35,13.94
p1,1764318109.7058,7.597,-64.33,-74.02,9.198
p1,1764318109.7063,-4.234,-64.72,-73.37,8.015
p1,1764318109.7551,3.511,-57.88,-71.64,13.58
p1,1764318109.8043,3.836,-66.18,-73.42,6.33
p1,1764318109.8048,-6.652,-65.33,-72.98,6.833
p1,1764318109.8871,3.511,-57.94,-70.85,12.68
p1,1764318109.9028,5.784,-66.22,-73.74,6.678
p1,1764318109.9031,5.773,-66.19,-73.54,6.467
p1,1764318109.9271,3.448,-56.41,-70.91,14.35
p1,1764318109.9688,-7.179,-57.45,-70.56,12.89
p1,1764318109.9691,-2.223,-57.59,-70.19,12.35
p1,1764318110.0013,-2.762,-61.35,-70.96,9.097
p1,1764318110.0395,3.999,-57.49,-70.35,12.62
p1,1764318110.0536,7.874,-62.64,-70.62,7.223
p1,1764318110.0538,4.288,-62.41,-70.31,7.127
p1,1764318110.0715,-1.899,-59.35,-67.18,7.04
p1,1764318110.1031,3.809,-62.75,-71.65,8.307
p1,1764318110.1376,2.05,-57.4,-68.79,11.06
p1,1764318110.1383,-5.127,-57.38,-69.48,11.83
p1,1764318110.2180,3.027,-62.88,-71.23,7.668
p1,1764318110.2185,-4.694,-64,-71.53,6.684
p1,1764318110.2436,7.221,-60.42,-71.31,10.53
p1,1764318110.2438,-2.294,-60.35,-71.36,10.65
p1,1764318110.2965,-6.566,-56.11,-68.5,12.13
p1,1764318110.2975,-4.358,-56.52,-68.04,11.2
p1,1764318110.3140,5.325,-60.69,-68.65,7.203
p1,1764318110.3383,5.093,-55.48,-70.35,14.73
p1,1764318110.3531,3.858,-64.06,-71.23,6.243
p1,1764318110.3533,1.758,-62.97,-71.29,7.626
p1,1764318110.3853,3.851,-63.03,-72.1,8.493
p1,1764318110.4056,-4.407,-66.31,-73.59,6.374
p1,1764318110.4791,-2.533,-61.51,-70.19,8.044
p1,1764318110.4793,5.826,-61.42,-70.72,8.758
p1,1764318110.5073,1.929,-64.95,-73.19,7.534
p1,1764318110.5476,4.272,-65.95,-73.02,6.121
p1,1764318110.6056,5.895,-62.46,-71.72,8.719
p1,1764318110.6066,-4.669,-62.36,-71.68,8.772
p1,1764318110.6363,6.729,-65.35,-73.65,7.61
p1,1764318110.6366,-5.002,-65.47,-73.42,7.185
p1,1764318110.6780,7.479,-61.02,-72.61,11.28
p1,1764318110.7611,-7.13,-66.31,-73.97,6.845
p1,1764318110.7786,-6.374,-56.92,-73.63,16.61
p1,1764318110.8723,5.53,-63.4,-71.09,6.881
p1,1764318110.8726,5.456,-63.26,-71.06,7
p1,1764318110.8873,-5.493,-59.29,-71.96,12.44
p1,1764318110.8876,-5.476,-59.48,-71.89,12.15
p1,1764318110.9358,2.668,-60.67,-71.43,10.38
p1,1764318110.9365,-6.41,-60.56,-71.91,11.02
p1,1764318110.9503,4.673,-61.54,-71.17,9.131
p1,1764318110.9505,4.663,-61.47,-72.01,10.14
p1,1764318110.9786,5.172,-60.21,-68.87,8.024
p1,1764318111.0163,1.925,-62.29,-72.36,9.619
p1,1764318111.0166,-6.914,-61.97,-72.73,10.38
p1,1764318111.0313,6.646,-60.67,-72.02,11.02
p1,1764318111.0626,-5.437,-57.12,-67.21,9.645
p1,1764318111.1818,-4.625,-52.99,-69.15,16.06
p1,1764318111.1821,-4.712,-52.95,-69.03,15.97
p1,1764318111.2523,5.584,-54.98,-71.65,16.58
p1,1764318111.2526,5.607,-54.03,-70.42,16.29
p1,1764318111.2743,1.825,-61.16,-69.08,7.155
p1,1764318111.3368,4.47,-53.97,-71.94,17.9
p1,1764318111.3581,1.609,-58.72,-66.69,7.218
p1,1764318111.3791,-3.791,-57.27,-67.16,9.412
p1,1764318111.3968,-3.454,-56.65,-65.14,7.819
p1,1764318111.4636,7.284,-53.12,-68.46,15.22
p1,1764318111.4638,-5.576,-53.26,-69.08,15.71
p1,1764318111.5696,5.6,-61.71,-71.78,9.62
p1,1764318111.5703,5.201,-59.29,-72.38,12.88
p1,1764318111.6120,4.488,-58.5,-70.47,11.69
p1,1764318111.6125,5.49,-58.18,-70.89,12.47
p1,1764318111.6543,-6.41,-63.47,-71.65,7.462
p1,1764318111.6968,2.347,-64.25,-72.05,7.013
p1,1764318111.7168,2.71,-65.58,-73.42,7.064
p1,1764318111.7388,5.526,-64.28,-74.5,9.781
p1,1764318111.7800,-7.248,-60.08,-72.96,12.65
p1,1764318111.7808,-1.984,-60.74,-72.93,11.92
p1,1764318111.8023,6.269,-66.44,-74.29,7.064
p1,1764318111.8923,-5.121,-65.31,-72.96,6.834
p1,1764318111.8928,-5.891,-64.84,-73.33,7.827
p1,1764318111.9171,2.047,-64.18,-72.9,8.091
p1,1764318111.9176,6.756,-64.9,-73.05,7.427
p1,1764318111.9663,-7.09,-63.75,-73.51,9.277
p1,1764318111.9921,-3.231,-59.59,-71.85,11.99
p1,1764318112.0408,3.413,-65.1,-74.37,8.72
p1,1764318112.0688,-6.848,-64.14,-72.2,7.317
p1,1764318112.0761,-1.426,-63.55,-70.7,6.23
p1,1764318112.0970,6.741,-67.75,-76.28,7.869
p1,1764318112.0973,2.712,-68.09,-75.27,6.256
p1,1764318112.1111,4.721,-67.8,-75.73,7.171
p1,1764318112.1393,4.059,-63.1,-71.37,7.565
p1,1764318112.1678,1.788,-65.2,-73.67,7.802
p1,1764318112.1690,-6.677,-64.89,-73.59,8.069
p1,1764318112.2148,4.309,-66.24,-73.67,6.565
p1,1764318112.3480,2.419,-62.5,-70.87,7.689
p1,1764318112.3760,-2.957,-65.55,-72.7,6.227
p1,1764318112.3948,-5.511,-66.59,-73.61,6.055
p1,1764318112.4116,2.767,-66.42,-73.79,6.488
p1,1764318112.4121,-5.379,-67.4,-75.03,6.806
p1,1764318112.4321,-7.394,-65.83,-75.66,9.353
p1,1764318112.4331,5.558,-67.01,-74.96,7.197
p1,1764318112.5208,-5.195,-64.74,-74.62,9.407
p1,1764318112.5348,-2.262,-63.53,-74.27,10.36
p1,1764318112.5763,-7.119,-64.06,-74.36,9.877
p1,1764318112.5771,-5.6,-64.7,-74.46,9.271
p1,1764318112.7038,-4.614,-66.99,-75.9,8.319
p1,1764318112.7050,-3.917,-66.46,-75.32,8.259
p1,1764318112.8591,3.64,-65.91,-75.92,9.554
p1,1764318112.8731,6.232,-66.77,-76.04,8.724
p1,1764318112.9226,-5.573,-67.41,-74.47,6.111
p1,1764318113.0650,-3.883,-66.86,-76.23,8.839
p1,1764318113.0653,3.888,-66.54,-75.49,8.363
p1,1764318113.1398,7.856,-68.53,-75.84,6.42
p1,1764318113.5333,6.715,-67.34,-76.89,9.04
p1,1764318115.0583,3.486,-68.18,-75.29,6.182
p1,1764318115.4383,-6.712,-68.41,-76.36,7.19
p1,1764318115.5398,5.108,-67.02,-74.93,7.148
p1,1764318115.5408,1.981,-65.96,-74.59,7.989
p1,1764318115.5590,4.336,-68.09,-76.29,7.485
p1,1764318115.5815,-4.693,-66,-75.45,8.927
p1,1764318115.5825,-4.848,-65.69,-75.65,9.501
p1,1764318115.6446,7.517,-68.85,-76.42,6.742
p1,1764318115.7471,-2.646,-63.28,-76.27,12.76
p1,1764318115.7476,6.283,-63.04,-76.71,13.48
p1,1764318115.9198,-3.883,-60.12,-75.68,15.44
p1,1764318116.0648,5.446,-68.83,-76.32,6.632
p1,1764318116.1268,-7.015,-69.63,-76.98,6.464
p1,1764318116.1683,-6.008,-68.82,-76.43,6.779
p1,1764318116.1700,2.669,-68.43,-75.94,6.668
p1,1764318116.5118,-6.29,-68.88,-76.14,6.355
p1,1764318116.5633,6.884,-65.65,-74.22,7.925
p1,1764318116.5645,3.683,-66.06,-73.75,6.883
p1,1764318116.6586,-5.114,-66.96,-76.31,8.811
p1,1764318116.8581,-3.789,-68.88,-75.89,6.044
p1,1764318116.8591,7.431,-68.2,-76.38,7.465
p1,1764318116.9430,5.843,-66.55,-75.47,8.322
p1,1764318116.9438,-4.185,-66.15,-75.04,8.29
p1,1764318117.3763,-4.878,-65.09,-76.46,11.04
p1,1764318117.3765,-1.933,-64.96,-75.34,9.957
p1,1764318117.4618,6.19,-67.99,-76.82,8.222
p1,1764318117.9445,-5.525,-69.41,-76.92,6.658
p1,1764318118.2026,6.268,-67.26,-76.76,8.987
G,1764318118,13.06907,-16.747475,18.3
C,1764318119.009,4,0
p1,1764318119.7156,3.516,-58.24,-76.46,18.15
p1,1764318119.7376,3.514,-58.28,-76.04,17.69
p1,1764318119.8545,3.509,-58.22,-75.77,17.47
p1,1764318119.9865,3.512,-58.19,-76.34,18.09
p1,1764318129.8148,3.507,-58.49,-75.73,17.16
p1,1764318129.8368,3.507,-58.53,-76.84,18.25
p1,1764318129.9540,3.512,-58.3,-76.13,17.76
p1,1764318130.0858,3.519,-58.34,-77.11,18.71
C,1764318139.008,5,0
p1,1764318139.9143,3.513,-58.26,-76.29,17.96
p1,1764318139.9363,3.515,-58.37,-76.56,18.12
p1,1764318140.0535,3.517,-58.25,-76.95,18.64
p1,1764318140.1853,3.513,-58.2,-75.76,17.48
p1,1764318150.0138,3.513,-58.2,-76.61,18.34
p1,1764318150.0358,3.515,-58.51,-77.19,18.62
p1,1764318150.1528,3.512,-58.58,-75.66,17
p1,1764318150.2848,3.518,-58.16,-75.94,17.71
C,1764318159.007,4,0
p1,1764318160.1133,3.512,-58.19,-76.64,18.39
p1,1764318160.1353,3.514,-58.37,-76.55,18.12
p1,1764318160.2523,3.508,-58.48,-76.65,18.1
p1,1764318160.3840,4.743,-67.82,-77.15,8.784
p1,1764318160.3843,3.512,-58.17,-76.28,18.04
p1,1764318170.2125,3.512,-58.68,-75.7,16.93
p1,1764318170.2345,3.509,-58.47,-75.94,17.39
p1,1764318170.3518,3.52,-58.38,-76.28,17.83
p1,1764318170.4835,3.515,-58.29,-76.71,18.36
G,1764318178,13.06907,-16.747473333,18.3
p1,1764318180.3120,3.51,-58.71,-75.89,17.09
p1,1764318180.3340,3.511,-58.11,-76.36,18.19
p1,1764318180.4513,3.516,-58.78,-76.48,17.63
p1,1764318180.5830,3.507,-58.48,-76.39,17.84
p1,1764318190.4115,3.509,-58.49,-76.53,17.97
p1,1764318190.4335,3.513,-58.33,-76.33,17.94
p1,1764318190.5507,3.511,-58.51,-75.83,17.24
p1,1764318190.6825,3.512,-58.52,-76.8,18.22
C,1764318199.008,5,0
p1,1764318200.5110,3.512,-58.21,-76.28,18
p1,1764318200.5330,3.516,-58.26,-76.41,18.08
p1,1764318200.6500,3.515,-58.38,-76.31,17.85
p1,1764318200.7820,3.515,-58.18,-76.31,18.06
p1,1764318210.6102,3.506,-58.57,-76.35,17.71
p1,1764318210.6322,3.515,-58.11,-76.66,18.49
p1,1764318210.7495,3.507,-58.35,-76.8,18.39
p1,1764318210.8812,3.507,-58.32,-77.37,19
C,1764318219.008,4,0
p1,1764318220.7097,3.511,-58.06,-76.47,18.35
p1,1764318220.7317,3.512,-58.21,-76.15,17.87
p1,1764318220.8490,3.514,-58.17,-76.79,18.56
p1,1764318220.9807,3.502,-58.51,-76.67,18.09
p1,1764318230.8092,3.508,-58.31,-76.75,18.38
p1,1764318230.8312,3.516,-58.37,-76.65,18.21
p1,1764318230.9485,3.513,-58.32,-76.19,17.8
p1,1764318231.0802,3.512,-58.17,-75.9,17.66
G,1764318238,13.069068333,-16.74747,18.3
p1,1764318240.9087,3.509,-58.63,-76.2,17.5
p1,1764318240.9307,3.512,-58.42,-76.29,17.79
p1,1764318241.0477,3.511,-58.2,-76.08,17.81
p1,1764318241.1797,3.51,-58.32,-76.3,17.91
p1,1764318251.0080,3.509,-58.48,-76.33,17.78
p1,1764318251.0300,3.514,-58.46,-76.38,17.85
p1,1764318251.1472,3.51,-58.39,-76.64,18.18
p1,1764318251.2790,3.509,-58.49,-76.57,18.01
C,1764318258.272,4,0
C,1764318259.01,5,0
p1,1764318261.1075,3.517,-58.44,-76.36,17.85
p1,1764318261.1295,3.516,-58.55,-77.15,18.54
p1,1764318261.2467,3.509,-58.41,-76.35,17.87
p1,1764318261.3785,3.511,-58.23,-76.24,17.93
p1,1764318271.2070,3.51,-58.03,-76.53,18.43
p1,1764318271.2290,3.511,-58.33,-76.71,18.31
p1,1764318271.3462,3.51,-58.5,-76.6,18.02
p1,1764318271.4780,3.513,-58.37,-76.3,17.85
C,1764318279.01,4,0
p1,1764318281.3064,3.507,-58.19,-76.11,17.85
p1,1764318281.3282,-4.652,-67.7,-77.35,9.151
p1,1764318281.3284,3.511,-58.62,-76.23,17.53
p1,1764318281.4455,3.508,-58.22,-76.8,18.52
p1,1764318281.5775,3.511,-58.25,-76.3,17.98
p1,1764318291.4057,3.507,-58.45,-76.38,17.86
p1,1764318291.4277,3.521,-58.18,-77.22,18.98
p1,1764318291.5449,3.511,-58.13,-76.69,18.5
p1,1764318291.6767,3.509,-58.19,-76.39,18.13
G,1764318298,13.069065,-16.747466667,18.3
C,1764318299.01,5,0
p1,1764318301.5052,3.507,-58.41,-76.37,17.89
p1,1764318301.5272,3.508,-58.46,-76.36,17.83
p1,1764318301.6444,3.508,-58.3,-76.56,18.2
p1,1764318301.7762,3.513,-58.43,-76.77,18.27
p1,1764318311.6047,3.507,-58.52,-76.31,17.72
p1,1764318311.6267,3.51,-58.49,-76.54,17.98
p1,1764318311.7439,3.517,-58.47,-76.34,17.8
p1,1764318311.8757,3.515,-58.58,-76.53,17.88
C,1764318319.011,4,0
p1,1764318321.7042,3.515,-58.7,-76.42,17.64
p1,1764318321.7259,3.513,-58.58,-76.24,17.59
p1,1764318321.7262,4.661,-68.02,-76.85,8.221
p1,1764318321.8432,3.508,-58.43,-76.52,18.02
p1,1764318321.9752,3.508,-58.56,-76.8,18.17
p1,1764318331.8034,3.507,-58.37,-76.35,17.91
p1,1764318331.8254,3.517,-58.62,-76.17,17.48
p1,1764318331.9427,3.511,-58.35,-76.78,18.37
p1,1764318332.0744,3.508,-57.96,-76.62,18.6
p1,1764318341.9029,3.509,-58.11,-76.11,17.93
p1,1764318341.9249,3.514,-58.23,-75.64,17.33
p1,1764318342.0422,3.514,-58.11,-76.03,17.85
p1,1764318342.1739,3.511,-58.23,-76.05,17.74
p1,1764318352.0024,3.508,-58.16,-76.61,18.39
p1,1764318352.0244,3.516,-58.62,-77.15,18.47
p1,1764318352.1414,3.51,-58.17,-76.49,18.26
p1,1764318352.2734,3.511,-58.15,-77.31,19.1
G,1764318358,13.069063333,-16.747463333,18.2
C,1764318359.011,5,0
p1,1764318362.1019,3.508,-58.22,-76.27,17.98
p1,1764318362.1236,3.512,-58.38,-76.57,18.12
p1,1764318362.2409,3.51,-58.16,-76.59,18.37
p1,1764318362.3729,3.509,-58.15,-76.14,17.93
p1,1764318372.2011,3.509,-58.6,-76.67,18
p1,1764318372.2232,3.511,-58.71,-76.24,17.46
p1,1764318372.3404,3.513,-58.3,-76.42,18.06
p1,1764318372.4722,3.508,-58.46,-76.95,18.43
C,1764318379.012,4,0
p1,1764318382.3006,3.507,-58.28,-76.66,18.31
p1,1764318382.3226,3.514,-57.96,-76.45,18.42
p1,1764318382.4399,3.509,-58.28,-76.64,18.3
p1,1764318382.5716,3.511,-58.49,-76.59,18.04
p1,1764318392.4001,3.512,-58.1,-76.36,18.19
p1,1764318392.4221,3.508,-58.59,-76.39,17.72
p1,1764318392.5391,3.512,-58.63,-76.75,18.06
p1,1764318392.5394,-4.692,-68.55,-77.41,8.247
p1,1764318392.6711,3.512,-58.4,-76.5,18.03
C,1764318399.012,5,0
p1,1764318402.4996,3.513,-58.52,-76.04,17.44
p1,1764318402.5214,3.514,-58.33,-76.18,17.78
p1,1764318402.5216,4.692,-67.65,-77.45,9.32
p1,1764318402.6386,3.518,-58.3,-76.2,17.82
p1,1764318402.7706,3.514,-58.62,-75.97,17.27
p1,1764318412.5989,3.508,-58.28,-76.12,17.77
p1,1764318412.6209,3.515,-58.16,-76.28,18.06
p1,1764318412.7381,3.51,-58.48,-76.05,17.5
p1,1764318412.8699,3.514,-58.07,-76.1,17.97
p1,1764318416.7621,-5.949,-69.48,-78,7.858
p1,1764318416.7636,-4.216,-70.28,-77.41,6.195
p1,1764318417.2769,-4.551,-71.07,-78.32,6.339
p1,1764318418.1559,-5.127,-70.3,-78.02,6.919
p1,1764318418.7841,4.208,-67.69,-77.84,9.706
p1,1764318418.7844,4.143,-68.46,-78.67,9.771
G,1764318418,13.069066667,-16.747466667,18.1
p1,1764318419.4046,-7.104,-64.69,-78.14,13.25
p1,1764318419.4051,4.908,-64.89,-77.34,12.19
p1,1764318420.1464,3.181,-68.49,-77.05,7.906
p1,1764318420.2786,7.008,-65.63,-78.86,13.02
p1,1764318420.4756,4.785,-66.53,-77.96,11.1
p1,1764318420.4769,-5.476,-67.08,-76.74,9.159
p1,1764318420.5409,1.844,-61.25,-77.1,15.74
p1,1764318420.5426,6.299,-61.69,-78.47,16.68
p1,1764318421.0579,7.208,-62.06,-79.07,16.92
p1,1764318421.0596,5.432,-62.1,-77.24,15.01
p1,1764318421.2499,3.119,-69.61,-77.28,6.851
p1,1764318421.2509,-5.063,-69.75,-78.31,7.914
p1,1764318421.8751,6.305,-63.11,-77.57,14.3
p1,1764318421.8766,-2.258,-63.29,-76.56,13.06
p1,1764318421.9369,-5.795,-64.08,-77.8,13.54
p1,1764318421.9386,-4.675,-63.6,-76.68,12.86
p1,1764318422.0596,-2.784,-61.19,-77.07,15.76
p1,1764318422.0604,-5.159,-61.42,-77.47,15.94
p1,1764318422.4251,7.6,-69.23,-77.45,7.521
p1,1764318422.5459,-4.276,-57.01,-77,19.94
p1,1764318422.6049,-6.212,-69.96,-77.29,6.445
p1,1764318422.6054,3.054,-68.95,-76.51,6.726
p1,1764318422.6676,-7.467,-69.63,-77.44,7.031
p1,1764318422.6984,3.513,-58.39,-76.74,18.28
p1,1764318422.7204,3.514,-58.14,-68.93,10.41
p1,1764318422.7261,2.599,-59.57,-67.67,7.379
p1,1764318422.7269,7.439,-59.51,-74.62,14.97
p1,1764318422.8376,3.508,-58.43,-72.63,14.04
p1,1764318422.8449,5.279,-65.05,-75.03,9.519
p1,1764318422.9694,3.513,-58.37,-75.7,17.24
p1,1764318423.0241,4.636,-63.39,-77.25,13.68
p1,1764318423.0244,4.318,-62.98,-77.16,14
p1,1764318423.1431,-2.07,-58.56,-76.64,18.01
p1,1764318423.1439,-4.712,-58.41,-77.44,18.97
p1,1764318423.2014,7.102,-58.27,-78.02,19.7
p1,1764318423.2034,-4.36,-58.33,-77.03,18.64
p1,1764318423.3804,-4.322,-58.43,-77.87,19.38
p1,1764318423.3806,-4.312,-58.42,-76.34,17.85
p1,1764318423.5286,3.913,-69.23,-77.63,7.732
p1,1764318423.5299,-3.939,-68.89,-76.65,6.97
p1,1764318423.6201,4.354,-58.55,-76.79,18.17
p1,1764318423.6204,4.34,-58.66,-77.58,18.87
p1,1764318423.6469,-4.706,-66.93,-76.49,9.041
p1,1764318423.6481,-4.939,-67.1,-77.1,9.552
p1,1764318423.7626,-6.36,-67.33,-77.26,9.456
p1,1764318423.7629,-4.85,-67.44,-76.76,8.788
p1,1764318423.9089,-2.208,-56.23,-76.49,20.22
p1,1764318423.9091,4.645,-56.33,-78.11,21.75
p1,1764318423.9374,-5.907,-70.42,-77.73,6.421
p1,1764318424.1436,6.314,-68.33,-77.67,8.798
p1,1764318424.2044,5.466,-62.53,-77.42,14.75
p1,1764318424.2634,5.52,-59.48,-77.03,17.48
p1,1764318424.3501,6.304,-70.51,-77.93,6.549
p1,1764318424.4366,-4.981,-56.85,-77.04,20.14
p1,1764318424.4971,7.138,-68.23,-78.13,9.425
p1,1764318424.5241,-4.635,-69.94,-77.01,6.121
p1,1764318424.5256,-5.517,-69.85,-77.61,6.968
p1,1764318424.6124,-5.934,-70.17,-77.85,6.862
p1,1764318424.7294,-7.005,-58.96,-78.37,19.36
p1,1764318424.7913,4.378,-53.85,-77.03,23.16
p1,1764318424.7926,-5.154,-53.6,-77.62,24
p1,1764318424.9386,-5.393,-67.26,-76.95,9.193
p1,1764318424.9391,-5.037,-66.58,-77.73,10.81
p1,1764318425.3586,-2.797,-61.93,-75.94,13.83
p1,1764318425.4786,2.408,-59.11,-76.67,17.48
p1,1764318425.4791,4.66,-59.19,-77.12,17.86
p1,1764318425.5049,1.79,-69.79,-76.88,6.146
p1,1764318425.5051,-5.736,-70.56,-77.97,6.543
p1,1764318425.5284,-7.085,-70.32,-77.38,6.113
p1,1764318425.5529,5.575,-68.6,-76.39,6.996
p1,1764318425.5779,-5.134,-70.72,-77.73,6.046
p1,1764318425.6299,-7.432,-60.42,-78.29,17.8
p1,1764318425.6309,1.865,-60.32,-76.84,16.42
p1,1764318425.7161,4.223,-68.22,-78.64,10.01
p1,1764318425.7169,3.619,-66.96,-77.43,10.06
p1,1764318425.7459,-2.446,-57.44,-77.11,19.62
p1,1764318425.7476,-7.284,-57.61,-77.94,20.29
p1,1764318425.8449,-4.634,-66.4,-76.46,9.608
p1,1764318425.8461,-5.806,-65.96,-77.71,11.45
p1,1764318425.9161,5.891,-70.71,-78.28,6.729
p1,1764318425.9508,5.005,-68.58,-77.13,7.898
p1,1764318425.9516,-5.054,-68.18,-77.51,8.797
p1,1764318425.9886,7.495,-67.85,-77.89,9.591
p1,1764318425.9901,3.825,-68.12,-76.92,8.183
p1,1764318426.2251,-3.135,-67.17,-76.05,8.283
p1,1764318426.3494,-5.905,-66.87,-77.21,9.916
p1,1764318426.3496,-4.731,-66.91,-76.86,9.477
p1,1764318432.7978,3.51,-58.06,-76.89,18.77
p1,1764318432.8199,3.514,-58.11,-76.63,18.46
p1,1764318432.9368,3.512,-58.41,-75.65,17.16
p1,1764318432.9371,4.667,-67.61,-76.71,8.527
p1,1764318433.0689,3.509,-58.4,-76.61,18.15
C,1764318439.013,4,0
p1,1764318442.8973,3.51,-58.58,-76,17.34
p1,1764318442.9191,3.515,-58.43,-76.06,17.55
p1,1764318442.9194,4.67,-67.79,-77.38,9.08
p1,1764318443.0364,3.509,-58.44,-77.21,18.71
p1,1764318443.1681,3.511,-58.18,-76.56,18.32
p1,1764318443.1684,4.665,-67.18,-77.55,9.947
p1,1764318452.9966,3.507,-58.29,-76.38,18.02
p1,1764318453.0186,3.506,-58.2,-76.78,18.52
p1,1764318453.1358,3.51,-58.54,-76.43,17.82
p1,1764318453.2676,3.514,-58.89,-76.72,17.76
C,1764318459.014,5,0
p1,1764318463.0961,3.515,-58.46,-76.59,18.06
p1,1764318463.1181,3.512,-58.27,-77.01,18.68
p1,1764318463.2353,3.514,-58.43,-76.74,18.24
p1,1764318463.3671,3.514,-58.88,-77.07,18.13
p1,1764318473.1956,3.507,-57.96,-76.95,18.93
p1,1764318473.2176,3.514,-58.14,-76.89,18.7
p1,1764318473.3346,-4.669,-67.72,-77.3,9.073
p1,1764318473.3348,3.512,-58.36,-76.34,17.9
p1,1764318473.4666,3.515,-58.51,-76.39,17.81
G,1764318478,13.069066667,-16.747468333,18.1
C,1764318479.005,4,0
p1,1764318483.2951,3.515,-58.44,-76.07,17.55
p1,1764318483.3168,3.512,-58.5,-76.75,18.19
p1,1764318483.4341,3.517,-58.17,-76.03,17.79
p1,1764318483.5658,3.512,-58.75,-76.3,17.48
p1,1764318493.3943,3.511,-58.38,-76.08,17.63
p1,1764318493.4163,3.514,-58.24,-75.92,17.61
p1,1764318493.5336,3.511,-58.3,-76.63,18.27
p1,1764318493.6653,3.509,-58.31,-76.39,18.02
p1,1764318494.6531,6.254,-70.57,-78.13,6.724
p1,1764318494.6553,-3.113,-69.24,-76.71,6.617
p1,1764318495.0068,6.256,-69,-77.62,7.975
p1,1764318495.0088,-2.198,-68.51,-77.3,8.183
p1,1764318495.1221,-5.097,-67.15,-78.22,10.71
p1,1764318495.7426,-7.433,-69.54,-78.02,7.823
p1,1764318495.7431,3.483,-69.2,-76.98,6.98
p1,1764318495.9106,4.857,-69.44,-77.2,6.959
p1,1764318496.2916,-7.184,-70.9,-78,6.15
p1,1764318496.7248,7.285,-61.5,-77.96,16.35
p1,1764318496.8326,4.441,-63.28,-77.38,13.93
p1,1764318496.8341,6.831,-62.8,-77.87,14.93
p1,1764318496.8866,5.832,-62.19,-77.93,15.62
p1,1764318496.9411,-3.406,-58.95,-76.79,17.77
p1,1764318497.0486,-6.353,-67.09,-77.63,10.14
p1,1764318497.0488,-2.372,-66.96,-76.92,9.506
p1,1764318497.1036,4.07,-61.9,-77.25,15.21
p1,1764318497.1048,-2.205,-62.14,-76.5,14.2
p1,1764318497.1573,-2.818,-64.1,-76.56,12.2
p1,1764318497.1593,-5.913,-64.57,-77.2,12.39
p1,1764318497.2123,4.712,-59.08,-76.64,17.48
p1,1764318497.2138,4.597,-59.15,-77.69,18.48
p1,1764318497.2673,5.891,-63.03,-77.57,14.38
p1,1764318497.2681,-3.102,-63.91,-76.85,12.71
p1,1764318497.4008,5.912,-70.17,-77.55,6.498
p1,1764318497.4021,5.721,-69.91,-77.02,6.178
p1,1764318497.5633,-3.923,-67.55,-77.3,9.265
p1,1764318497.5648,-5.956,-68.36,-78.18,9.343
p1,1764318497.6976,4.371,-61.07,-76.9,15.71
p1,1764318497.8696,4.492,-57.1,-78.07,20.93
p1,1764318497.9811,-4.267,-63.82,-77.09,13.06
p1,1764318497.9813,-4.199,-64.51,-77.57,12.84
p1,1764318498.0336,-4.753,-65.65,-77.51,11.57
p1,1764318498.0343,-3.751,-65.95,-76.73,10.4
p1,1764318498.0891,2.766,-65.99,-76.9,10.53
p1,1764318498.0911,6.934,-66.32,-78.51,11.92
p1,1764318498.1473,-4.237,-62.79,-77.25,14.31
p1,1764318498.1476,3.185,-61.97,-76.79,14.68
p1,1764318498.3426,5.427,-65.9,-77.48,11.26
p1,1764318498.4248,-3.039,-57.3,-76.79,19.44
p1,1764318498.4266,6.74,-57.29,-77.6,20.27
p1,1764318498.4823,-5.138,-70.73,-77.72,6.014
p1,1764318498.5373,-7.475,-69.41,-77.99,7.936
p1,1764318498.6466,-4.605,-62.07,-77.06,14.84
p1,1764318498.6476,-4.217,-62.12,-78.08,15.85
p1,1764318498.7013,-3.938,-58.71,-77,18.22
p1,1764318498.7016,5.822,-58.6,-78.12,19.47
p1,1764318498.7568,-7.566,-69.11,-77.64,7.873
p1,1764318498.8091,4.267,-68.64,-76.97,7.643
p1,1764318498.8093,4.23,-68.91,-77.84,8.339
p1,1764318498.8648,-4.729,-64.65,-77.43,12.54
p1,1764318498.8653,-4.732,-65.2,-76.83,11.32
p1,1764318498.9183,4.688,-58.89,-77.95,19
p1,1764318498.9186,3.82,-58.65,-76.93,18.21
p1,1764318499.0241,6.23,-65.84,-78.1,11.99
p1,1764318499.0251,-3.535,-66.03,-76.74,10.32
p1,1764318499.0753,3.097,-51.81,-76.89,25.07
p1,1764318499.1011,5.518,-68,-76.61,7.965
p1,1764318499.1268,5.134,-65.66,-77.61,11.67
p1,1764318499.1273,5.127,-65.57,-76.39,10.44
p1,1764318499.1786,7.607,-55.28,-77.62,22.32
p1,1764318499.2283,7.496,-67.94,-77.28,8.802
p1,1764318499.2791,-6.327,-69.96,-77.5,6.692
p1,1764318499.3263,5.691,-59.39,-77.73,18.27
p1,1764318499.3268,2.829,-59.21,-76.66,17.37
p1,1764318499.4706,4.979,-59.98,-76.82,16.75
p1,1764318499.4716,4.738,-59.92,-77.69,17.7
p1,1764318499.5178,-7.091,-64.07,-77.75,13.5
p1,1764318499.5198,-5.458,-64.13,-77.15,12.8
p1,1764318499.5433,4.337,-67.47,-77.29,9.336
p1,1764318499.5881,-5.543,-68.53,-77.29,8.143
p1,1764318499.5891,2.205,-67.81,-76.74,8.33
p1,1764318499.6128,-7.039,-70.42,-77.51,6.148
p1,1764318499.6593,-3.38,-63.94,-76.73,12.55
p1,1764318499.6603,-3.825,-64.12,-77.58,13.26
p1,1764318499.7058,4.291,-51.27,-77.09,25.81
p1,1764318499.7061,-4.277,-51.36,-78.05,26.68
p1,1764318499.7521,-2.8,-61.61,-76.26,14.5
p1,1764318499.7523,4.324,-61.81,-77.18,15.25
p1,1764318499.7981,6.297,-55.22,-77.36,22.12
p1,1764318499.8001,-4.861,-55.43,-76.96,21.5
p1,1764318499.8208,-3.904,-68.13,-76.81,8.042
p1,1764318499.8228,-5.144,-68.33,-77.09,8.145
p1,1764318499.8453,-7.078,-67.84,-77.47,9.135
p1,1764318499.8456,5.416,-69.1,-76.47,6.492
p1,1764318499.8676,7.196,-68.86,-77.68,8.219
p1,1764318499.8921,5.103,-47.54,-77.23,29.69
p1,1764318499.8923,5.114,-47.56,-76.59,29.02
p1,1764318499.9408,-3.922,-61.45,-76.76,15.18
p1,1764318499.9936,4.768,-48.1,-76.74,28.63
p1,1764318499.9938,4.747,-48.14,-77.96,29.82
p1,1764318500.0501,-5.809,-67.78,-76.62,8.231
p1,1764318500.0511,7.783,-67.46,-77.77,9.88
p1,1764318500.1766,7.104,-58.93,-76.99,18
p1,1764318500.1786,3.995,-58.77,-76.33,17.48
p1,1764318500.2123,-6.716,-61.21,-77.84,16.54
p1,1764318500.2126,1.814,-61.37,-77.29,15.81
p1,1764318500.3186,5.448,-65.81,-77.72,11.62
p1,1764318500.3531,3.985,-57.91,-76.59,18.62
p1,1764318500.3538,3.844,-58.22,-77.55,19.27
p1,1764318500.3858,2.296,-62.94,-76.6,13.47
p1,1764318500.3878,-6.657,-62.75,-78.45,15.59
p1,1764318500.4521,-3.669,-62.98,-76.24,13.05
p1,1764318500.4806,3.564,-61.06,-77.01,15.83
p1,1764318500.4816,-6.137,-61.15,-78.03,16.79
p1,1764318500.5408,6.372,-70.4,-78.52,7.396
p1,1764318500.5698,-5.578,-53.77,-77.93,24.14
p1,1764318500.5703,-5.637,-54.08,-76.85,22.75
p1,1764318500.5978,-7.544,-64.27,-78.14,13.69
p1,1764318500.5981,2.284,-64.04,-76.7,12.42
p1,1764318500.6246,-7.119,-70.06,-77.95,7.115
p1,1764318500.6803,-4.669,-58.55,-77.35,18.74
p1,1764318500.6818,-4.656,-58.99,-76.49,17.42
p1,1764318500.7496,3.688,-61.13,-77.43,16.2
p1,1764318500.7498,7.196,-61.33,-78.11,16.69
p1,1764318500.8191,5.897,-70.07,-77.19,6.183
p1,1764318500.8196,-5.504,-70.45,-78.07,6.796
p1,1764318500.9436,-7.6,-68.23,-77.43,8.638
p1,1764318501.0058,3.39,-62.73,-76.57,13.66
p1,1764318501.0761,-6.748,-62.86,-77.5,14.49
p1,1764318501.0771,-4.649,-63.93,-76.79,12.63
p1,1764318501.1096,4.283,-65.11,-77.43,12.07
p1,1764318501.1098,4.295,-64.34,-76.36,11.74
p1,1764318501.1426,5.146,-59.96,-77.39,17.36
p1,1764318501.1443,-4.77,-60.35,-76.89,16.44
p1,1764318501.2056,4.288,-59.12,-76.8,17.6
p1,1764318501.2076,-6.723,-59.24,-77.28,17.97
p1,1764318501.2686,5.929,-64.68,-77.49,12.58
p1,1764318501.2703,3.979,-64.83,-76.04,10.87
p1,1764318501.3336,7.1,-55.11,-77.57,22.44
p1,1764318501.3351,-1.927,-55.24,-76.49,21.22
p1,1764318501.3656,-6.285,-68.62,-77.9,8.729
p1,1764318501.3663,-5.873,-69.01,-76.92,7.142
p1,1764318501.3981,-4.329,-68.56,-77.06,7.842
p1,1764318501.3991,7.743,-67.98,-78.31,9.907
p1,1764318501.4293,-5.493,-66.27,-77.58,10.98
p1,1764318501.4308,-5.274,-66.22,-76.56,9.924
p1,1764318501.4631,2.677,-63.43,-77.07,13.45
p1,1764318501.4636,-5.85,-63.72,-77.77,13.87
p1,1764318501.5256,6.733,-63.38,-77.72,14.17
p1,1764318501.5261,4.624,-63.65,-77.08,13.23
p1,1764318501.5893,5.483,-67.41,-76.69,8.731
p1,1764318501.5898,-4.742,-66.81,-77.59,10.41
p1,1764318501.6211,6.164,-56.52,-77.78,21.23
p1,1764318501.6221,2.477,-56.48,-76.83,20.31
p1,1764318501.6850,-5.939,-66.27,-77.6,11
p1,1764318501.6853,2.121,-65.61,-76.08,10.07
p1,1764318501.7181,6.38,-62.76,-77.89,14.99
p1,1764318501.8458,-5.401,-67.38,-77.89,10.11
p1,1764318501.8788,-7.122,-61.75,-78.49,16.65
p1,1764318501.9103,6.378,-61.43,-77.66,16.13
p1,1764318501.9116,2.237,-62.13,-76.29,13.99
p1,1764318501.9721,2.728,-49.62,-76.7,27.07
p1,1764318501.9731,-7.723,-49.68,-77.85,28.16
p1,1764318502.0348,4.531,-60.64,-77.13,16.39
p1,1764318502.0368,-6.062,-60.2,-77.25,16.96
p1,1764318502.0661,2.266,-64.65,-76.29,11.33
p1,1764318502.0673,4.481,-64.81,-77.67,12.63
p1,1764318502.0991,5.103,-52.18,-77.4,25.21
p1,1764318502.0993,5.094,-52.06,-77.56,25.5
p1,1764318502.1613,7.6,-66.03,-78.07,11.76
p1,1764318502.1618,1.277,-66.37,-77.23,10.49
p1,1764318502.2251,-4.698,-50.34,-78.16,27.81
p1,1764318502.2253,4.7,-50.28,-76.91,26.63
p1,1764318502.2563,-6.996,-68.13,-77.37,8.689
p1,1764318502.2881,5.161,-54.16,-76.31,22.13
p1,1764318502.2883,6.544,-54.06,-77.04,22.95
p1,1764318502.3498,4.149,-62.61,-78,15.26
p1,1764318502.4773,-7.576,-52.52,-77.61,25.08
p1,1764318502.4788,1.831,-52.53,-76.55,24.01
p1,1764318502.5408,-3.491,-53.27,-76.51,23.22
p1,1764318502.5416,6.675,-53.06,-77.08,24.01
p1,1764318502.6633,2.705,-57.15,-76.97,19.77
p1,1764318502.6638,5.443,-57.06,-77.43,20.33
p1,1764318502.7883,-5.517,-60.17,-76.85,16.59
p1,1764318502.7886,6.67,-60.21,-77.75,17.47
p1,1764318502.8508,-6.33,-63.97,-77.99,13.85
p1,1764318502.8513,2.67,-64.42,-76.87,12.2
p1,1764318503.0966,5.961,-64.04,-77.74,13.51
p1,1764318503.0971,2.307,-64.39,-76.85,12.2
p1,1764318503.1551,-4.3,-65.33,-78.07,12.51
p1,1764318503.4938,3.513,-58.57,-77.35,18.71
p1,1764318503.5158,3.516,-58.37,-76.85,18.42
p1,1764318503.6331,3.508,-58.51,-74.25,15.61
p1,1764318503.7036,3.894,-67.01,-76.05,8.467
p1,1764318503.7056,-5.899,-67.53,-77.11,9.075
p1,1764318503.7648,3.517,-58.52,-76.41,17.82
p1,1764318504.0026,-5.915,-68.7,-76.66,7.199
p1,1764318504.1201,5.888,-66.34,-77.68,11.01
p1,1764318504.1213,-2.298,-66.57,-76.78,9.77
p1,1764318504.5863,3.489,-63.99,-76.57,12.33
p1,1764318504.5873,-3.754,-64.71,-77.65,12.72
p1,1764318504.6443,5.047,-67.17,-76.73,9.05
p1,1764318504.6453,5.858,-67.13,-77.5,9.957
p1,1764318505.4413,-3.134,-68.44,-76.6,7.447
p1,1764318505.4436,-4.76,-68.72,-77.34,7.977
p1,1764318505.7768,-3.223,-68.87,-77.13,7.561
p1,1764318505.7771,4.226,-69.88,-77.35,6.611
p1,1764318505.9986,2.133,-68.79,-76.81,7.268
p1,1764318505.9996,-5.166,-68,-77.35,8.821
p1,1764318506.2203,7.122,-69.47,-78.12,8.016
p1,1764318506.6556,-5.505,-68.82,-77.21,7.714
p1,1764318507.2096,5.02,-68.9,-77.67,8.157
p1,1764318507.2106,3.858,-68.87,-77.13,7.557
p1,1764318513.5933,3.504,-58.31,-76.1,17.72
p1,1764318513.6153,3.513,-58.34,-76.62,18.22
p1,1764318513.7323,3.517,-58.88,-76.31,17.34
p1,1764318513.8643,3.513,-58.81,-76.34,17.45
C,1764318519.015,5,0
p1,1764318523.6925,4.67,-67.44,-77.26,9.339
p1,1764318523.6928,3.508,-58.42,-76.68,18.19
p1,1764318523.7146,3.507,-58.7,-76.08,17.3
p1,1764318523.7148,4.66,-68.1,-77.05,8.353
p1,1764318523.8318,3.517,-58.38,-76.52,18.07
p1,1764318523.9636,3.513,-58.35,-76.4,17.98
p1,1764318523.9638,-4.66,-68.18,-76.96,8.166
p1,1764318533.7920,3.514,-58.42,-76.24,17.75
p1,1764318533.8140,3.513,-58.43,-77.32,18.84
p1,1764318533.9313,3.512,-58.51,-76.62,18.05
p1,1764318534.0631,3.513,-58.26,-76.4,18.08
G,1764318538,13.069066667,-16.747468333,18.1
C,1764318539.015,4,0
p1,1764318543.8915,3.513,-58,-76.89,18.83
p1,1764318543.9135,3.518,-58.43,-76.48,17.98
p1,1764318544.0308,3.513,-58.24,-76.14,17.83
p1,1764318544.1625,3.512,-58.55,-76.49,17.87
p1,1764318553.9910,3.51,-58.25,-76.97,18.66
p1,1764318554.0130,3.513,-58.37,-76.26,17.81
p1,1764318554.1300,3.507,-58.36,-76.62,18.2
p1,1764318554.2620,3.511,-58.36,-76.04,17.6
C,1764318559.017,5,0
p1,1764318564.0905,3.513,-58.68,-76.15,17.39
p1,1764318564.1123,3.517,-58.4,-76.27,17.8
p1,1764318564.2295,3.512,-58.64,-76.94,18.23
p1,1764318564.3613,3.51,-58.24,-76.47,18.16
p1,1764318574.1898,3.513,-58.13,-76.28,18.09
p1,1764318574.2118,3.509,-58.2,-76.67,18.41
p1,1764318574.3290,3.512,-58.23,-76.29,17.99
p1,1764318574.4608,3.509,-58.25,-76.09,17.77
p1,1764318584.2893,3.512,-58.02,-76.14,18.06
p1,1764318584.3113,3.511,-58.21,-76.56,18.29
p1,1764318584.4285,3.513,-58.6,-76.39,17.72
p1,1764318584.5603,3.508,-58.23,-76.92,18.64
p1,1764318594.3888,3.512,-58.68,-76.49,17.74
p1,1764318594.4108,3.52,-58.46,-76.15,17.62
p1,1764318594.5278,3.508,-58.23,-76.78,18.49
p1,1764318594.6598,3.513,-58.11,-76.55,18.38
G,1764318598,13.069068333,-16.74747,18.1
C,1764318599.015,4,0
p1,1764318604.4883,3.507,-58.34,-75.98,17.57
p1,1764318604.5100,3.508,-58.23,-75.91,17.61
p1,1764318604.6272,3.51,-58.57,-76.72,18.08
p1,1764318604.7590,3.511,-57.94,-76.04,18.03
p1,1764318604.7592,4.691,-66.99,-77.12,9.686
p1,1764318614.5875,3.517,-58.3,-76.24,17.87
p1,1764318614.6095,3.507,-58.2,-76.94,18.68
p1,1764318614.7268,3.514,-58.07,-76.9,18.78
p1,1764318614.8585,3.515,-58.17,-76.87,18.64
C,1764318619.015,5,0
p1,1764318624.6870,3.512,-58.71,-76.41,17.63
p1,1764318624.7090,3.511,-58.75,-76.88,18.06
p1,1764318624.8262,3.508,-58.51,-76.68,18.1
p1,1764318624.9580,3.517,-58.37,-76.15,17.71
p1,1764318634.7865,3.507,-58.01,-76.29,18.22
p1,1764318634.8085,3.514,-58.17,-75.78,17.53
p1,1764318634.9255,3.512,-58.29,-75.89,17.53
p1,1764318635.0575,3.513,-58.1,-76.59,18.43
C,1764318639.018,4,0
p1,1764318644.8860,3.511,-58.29,-76.01,17.65
p1,1764318644.9077,3.511,-58.31,-76.72,18.34
p1,1764318645.0250,3.515,-58.28,-76.99,18.65
p1,1764318645.1567,3.503,-58.17,-75.78,17.54
p1,1764318654.9852,3.511,-58.21,-76.65,18.38
p1,1764318655.0072,3.508,-58.4,-76.59,18.12
p1,1764318655.1245,3.509,-58.63,-76.71,18.01
p1,1764318655.2562,3.509,-58.27,-76.13,17.79
G,1764318658,13.069068333,-16.747468333,18.2
p1,1764318665.0847,3.511,-58.56,-76.81,18.19
p1,1764318665.1067,3.507,-58.22,-76.41,18.13
p1,1764318665.2240,3.506,-58.47,-76.35,17.82
p1,1764318665.3557,3.51,-58.15,-76.16,17.94
p1,1764318675.1842,3.505,-58.3,-76.31,17.94
p1,1764318675.2062,3.515,-58.41,-76.01,17.52
p1,1764318675.3232,3.512,-58.23,-76.19,17.89
p1,1764318675.4552,3.52,-58.53,-76.21,17.61
C,1764318679.015,5,0
p1,1764318685.2835,3.513,-58.5,-75.89,17.3
p1,1764318685.2837,4.678,-67.4,-76.67,8.724
p1,1764318685.3055,3.511,-58.18,-75.95,17.7
p1,1764318685.4227,3.515,-58.29,-76.26,17.9
p1,1764318685.5545,3.508,-58.51,-76.84,18.27
p1,1764318695.3829,3.515,-58.34,-76.97,18.57
p1,1764318695.4049,3.507,-58.36,-76.62,18.2
p1,1764318695.5222,3.51,-58.46,-76.55,18.03
p1,1764318695.6540,3.512,-58.69,-76.46,17.69
C,1764318699.017,4,0
p1,1764318705.4824,3.508,-58.28,-76.26,17.91
p1,1764318705.5044,3.508,-58.12,-76.81,18.63
p1,1764318705.6217,3.513,-58.28,-76.27,17.92
p1,1764318705.7534,3.512,-58.67,-76.11,17.36
p1,1764318715.5819,3.511,-58.3,-76.48,18.11
p1,1764318715.6039,3.51,-58.37,-75.87,17.43
p1,1764318715.7209,3.508,-58.08,-76.46,18.32
p1,1764318715.8527,-4.696,-67.45,-76.7,8.7
p1,1764318715.8529,3.511,-58.28,-76.31,17.96
G,1764318718,13.069068333,-16.747468333,18.2
p1,1764318725.6812,3.505,-58.22,-76.15,17.86
p1,1764318725.7032,3.511,-58.49,-76.48,17.93
p1,1764318725.8204,3.508,-58.14,-76.53,18.33
p1,1764318725.9522,3.509,-58.47,-76.65,18.11
p1,1764318735.7807,3.508,-58.14,-77.09,18.89
p1,1764318735.8027,3.514,-58.33,-76.28,17.89
p1,1764318735.9199,3.519,-58.54,-76.22,17.6
p1,1764318736.0517,3.513,-58.14,-76.91,18.71
C,1764318739.016,5,0
p1,1764318745.8802,3.516,-58.05,-76.71,18.61
p1,1764318745.9022,3.508,-58.58,-76.13,17.48
p1,1764318746.0194,3.516,-58.33,-75.55,17.14
p1,1764318746.1512,3.507,-58.33,-76.57,18.17
p1,1764318755.9797,3.51,-58.46,-76.48,17.95
p1,1764318756.0017,3.513,-58.59,-76.12,17.45
p1,1764318756.1187,3.506,-58.61,-76.67,17.99
p1,1764318756.2507,3.509,-58.59,-76.4,17.74
C,1764318760.007,4,0
p1,1764318766.0789,3.506,-58.75,-75.48,16.64
p1,1764318766.1009,3.518,-58.69,-75.86,17.09
p1,1764318766.2182,3.508,-58.58,-76.45,17.79
p1,1764318766.3499,3.509,-58.32,-76.45,18.05
p1,1764318776.1784,3.512,-58.29,-76.33,17.98
p1,1764318776.2004,3.516,-58.2,-76.01,17.74
p1,1764318776.3177,3.509,-58.56,-76.38,17.74
p1,1764318776.4494,3.51,-58.66,-76.2,17.46
G,1764318778,13.06907,-16.747468333,18.2
C,1764318780.002,5,0
p1,1764318786.2779,3.506,-58.48,-76.51,17.96
p1,1764318786.2999,3.511,-58.41,-76.72,18.24
p1,1764318786.4172,3.514,-58.62,-76.42,17.73
p1,1764318786.5489,3.517,-58.11,-77.01,18.84
p1,1764318796.3774,3.509,-58.57,-76.51,17.87
p1,1764318796.3994,3.513,-58.61,-76.6,17.92
p1,1764318796.5164,3.514,-58.52,-76.66,18.08
p1,1764318796.6484,3.515,-58.46,-76.71,18.18
C,1764318800.005,4,0
p1,1764318806.4766,3.511,-58.38,-76.43,17.99
p1,1764318806.4986,3.514,-58.19,-76.74,18.49
p1,1764318806.6159,3.519,-58.32,-77.03,18.64
p1,1764318806.7476,3.513,-58.63,-76.59,17.89
p1,1764318816.5761,3.508,-58.65,-77.72,19.02
p1,1764318816.5981,3.519,-58.23,-76.8,18.52
p1,1764318816.7154,3.512,-58.6,-76.8,18.14
p1,1764318816.8471,3.514,-58.61,-77.21,18.54
p1,1764318826.6756,3.513,-58.5,-76.7,18.13
p1,1764318826.6976,3.513,-58.64,-76.66,17.96
p1,1764318826.8146,3.508,-58.36,-77.03,18.62
p1,1764318826.8149,-4.677,-68.28,-77.87,9.087
p1,1764318826.9466,3.511,-58.51,-76.53,17.95
p1,1764318836.7751,3.507,-58.6,-75.89,17.21
p1,1764318836.7969,3.508,-58.48,-75.67,17.1
p1,1764318836.9141,3.513,-58.51,-76.3,17.72
p1,1764318837.0461,3.516,-58.55,-76.26,17.64
G,1764318838,13.069073333,-16.74747,18.2
C,1764318840.004,5,0
p1,1764318846.8743,3.503,-58.97,-76.4,17.35
p1,1764318846.8964,3.512,-58.73,-76.54,17.74
p1,1764318847.0136,3.511,-58.48,-76.55,18
p1,1764318847.1454,3.511,-58.74,-76.42,17.61
