port, timestamp,snr,signal,noise,ms
p1,1764318856.9738,3.512,-58.38,-75.85,17.39
p1,1764318856.9958,3.513,-58.65,-75.97,17.24
p1,1764318857.1131,3.514,-58.31,-77.13,18.76
p1,1764318857.2448,3.509,-58.28,-77.21,18.87
C,1764318858.718,5,0
C,1764318860.002,4,0
p1,1764318867.0733,3.517,-58.31,-76.95,18.57
p1,1764318867.0953,3.514,-58.26,-76.67,18.34
p1,1764318867.2123,3.521,-58.63,-76.24,17.53
p1,1764318867.3443,3.512,-58.62,-76.37,17.67
p1,1764318877.1728,3.514,-58.86,-76.28,17.35
p1,1764318877.1731,4.704,-67.69,-76.83,8.573
p1,1764318877.1946,3.51,-58.5,-75.75,17.18
p1,1764318877.3118,3.512,-58.36,-76.93,18.51
p1,1764318877.4436,3.517,-58.56,-76.68,18.06
p1,1764318887.2721,3.511,-58.33,-75.96,17.55
p1,1764318887.2941,3.515,-58.34,-76.37,17.96
p1,1764318887.4113,3.512,-58.26,-76.57,18.25
p1,1764318887.5431,3.512,-58.36,-77.13,18.72
p1,1764318897.3716,3.509,-58.45,-76.39,17.87
p1,1764318897.3936,3.508,-58.45,-76.82,18.3
p1,1764318897.5108,3.508,-58.33,-76.37,17.97
p1,1764318897.6426,3.509,-58.44,-76.69,18.19
G,1764318898,13.069073333,-16.747471667,18.2
C,1764318900.004,5,0
p1,1764318907.4711,3.519,-58.44,-76.42,17.91
p1,1764318907.4931,3.507,-58.82,-76.49,17.6
p1,1764318907.6101,3.509,-58.86,-75.7,16.75
p1,1764318907.7421,3.512,-58.14,-76.86,18.67
p1,1764318917.5706,3.513,-58.42,-75.97,17.47
p1,1764318917.5923,3.51,-58.61,-76.21,17.52
p1,1764318917.7096,3.509,-58.34,-77.04,18.64
p1,1764318917.8413,3.501,-58.61,-76.33,17.64
p1,1764318917.8416,4.649,-67.94,-77.76,9.351
C,1764318920.004,4,0
p1,1764318927.6698,3.506,-58.77,-75.81,16.96
p1,1764318927.6918,3.514,-58.54,-76.33,17.71
p1,1764318927.8091,3.502,-58.33,-76.61,18.22
p1,1764318927.9408,3.509,-58.68,-76.76,18.01
p1,1764318937.7693,3.518,-58.94,-75.97,16.95
p1,1764318937.7913,3.519,-58.22,-76.48,18.2
p1,1764318937.9086,3.509,-58.67,-75.91,17.16
p1,1764318938.0403,3.514,-58.3,-76.78,18.43
C,1764318940.005,5,0
p1,1764318947.8688,3.503,-58.35,-76.5,18.08
p1,1764318947.8908,3.52,-58.44,-76.75,18.25
p1,1764318948.0078,3.514,-58.58,-75.93,17.27
p1,1764318948.1398,3.509,-58.57,-76.96,18.33
p1,1764318957.9680,4.721,-68.64,-77.05,7.725
p1,1764318957.9683,3.516,-58.81,-75.82,16.92
p1,1764318957.9900,3.51,-58.51,-76.42,17.84
p1,1764318958.1073,3.51,-58.43,-76.61,18.11
p1,1764318958.2391,3.508,-58.61,-76.78,18.11
p1,1764318958.2393,4.661,-67.81,-77.67,9.386
G,1764318958,13.069073333,-16.747471667,18.2
C,1764318960.004,4,0
p1,1764318968.0675,3.512,-58.69,-76.97,18.21
p1,1764318968.0895,3.513,-58.41,-77.4,18.94
p1,1764318968.2068,3.513,-58.35,-76.25,17.83
p1,1764318968.3385,3.509,-58.57,-76.58,17.94
p1,1764318978.1670,3.512,-58.22,-76.42,18.13
p1,1764318978.1890,3.518,-58.68,-77.09,18.34
p1,1764318978.3063,3.515,-58.79,-76.05,17.17
p1,1764318978.4380,3.51,-58.54,-76.98,18.37
p1,1764318988.2665,3.511,-58.5,-76.31,17.74
p1,1764318988.2883,3.508,-58.78,-75.79,16.93
p1,1764318988.2885,4.685,-68.09,-77.22,8.567
p1,1764318988.4055,3.51,-58.7,-76.52,17.74
p1,1764318988.4058,-4.676,-68.23,-77.61,8.851
p1,1764318988.5375,3.514,-58.72,-75.97,17.17
p1,1764318998.3658,3.502,-58.42,-76.82,18.34
p1,1764318998.3878,3.512,-58.22,-77.38,19.1
p1,1764318998.3880,4.672,-67.69,-77.24,9.034
p1,1764318998.5050,3.51,-58.47,-76.53,18
p1,1764318998.6368,3.51,-58.49,-76.36,17.79
C,1764319000.005,5,0
p1,1764319008.4653,3.514,-58.49,-77.03,18.48
p1,1764319008.4873,3.508,-58.16,-76.81,18.59
p1,1764319008.6045,3.512,-58.25,-76.27,17.95
p1,1764319008.7363,3.509,-58.55,-76.76,18.14
p1,1764319018.5648,3.509,-58.5,-76.74,18.18
p1,1764319018.5868,3.508,-58.9,-76.97,18
p1,1764319018.7038,3.511,-58.49,-75.97,17.41
p1,1764319018.7040,4.661,-68.03,-76.85,8.209
p1,1764319018.8358,3.515,-58.79,-76.25,17.38
G,1764319018,13.069071667,-16.747468333,18.2
C,1764319020.004,4,0
p1,1764319028.6643,3.512,-58.51,-76.57,17.99
p1,1764319028.6863,3.51,-58.45,-76.84,18.33
p1,1764319028.8032,3.51,-58.31,-76.53,18.15
p1,1764319028.9353,3.518,-58.69,-77.22,18.47
p1,1764319038.7635,3.512,-58.4,-76.77,18.31
p1,1764319038.7855,3.512,-58.76,-76.24,17.4
p1,1764319038.9027,3.508,-58.36,-76.44,18.01
p1,1764319039.0345,3.515,-58.62,-77.06,18.37
p1,1764319048.8630,3.505,-58.45,-76.68,18.17
p1,1764319048.8850,3.51,-58.35,-76.63,18.22
p1,1764319049.0022,3.511,-58.4,-76.45,17.98
p1,1764319049.1340,3.504,-58.49,-76.25,17.68
p1,1764319058.9625,3.52,-58.36,-76.64,18.22
p1,1764319058.9845,3.516,-58.07,-76.34,18.21
p1,1764319059.1015,4.68,-67.43,-77.54,9.664
p1,1764319059.1017,3.514,-58.36,-76.64,18.22
p1,1764319059.2335,3.512,-58.63,-75.71,16.99
C,1764319060.003,5,0
p1,1764319069.0620,3.507,-58.56,-76.14,17.51
p1,1764319069.0840,3.515,-58.54,-76.27,17.66
p1,1764319069.2010,3.517,-58.51,-76.38,17.8
p1,1764319069.3330,3.512,-58.29,-76.2,17.84
G,1764319078,13.069071667,-16.747465,18.2
p1,1764319079.1612,3.509,-58.29,-76.58,18.23
p1,1764319079.1832,3.505,-58.57,-77.75,19.13
p1,1764319079.3005,3.51,-58.61,-76.56,17.88
p1,1764319079.4322,3.516,-58.44,-77.12,18.62
C,1764319080.004,4,0
p1,1764319089.2607,3.511,-58.29,-76.45,18.09
p1,1764319089.2827,3.511,-58.44,-76.07,17.55
p1,1764319089.4000,3.514,-58.58,-76.35,17.7
p1,1764319089.5317,3.51,-58.42,-76.63,18.15
p1,1764319089.5842,2.648,-66.96,-76.51,9.031
p1,1764319089.5855,-4.36,-67.64,-78,9.936
p1,1764319099.3602,3.512,-58.46,-76.81,18.29
p1,1764319099.3822,3.513,-58.91,-76.32,17.33
p1,1764319099.4995,3.51,-58.88,-76.09,17.13
p1,1764319099.6312,3.519,-58.54,-76.57,17.96
p1,1764319109.4597,3.515,-58.65,-76.38,17.66
p1,1764319109.4817,3.508,-58.5,-76.62,18.06
p1,1764319109.5987,3.51,-58.37,-76.84,18.41
p1,1764319109.7305,3.503,-58.6,-75.85,17.16
p1,1764319109.7307,4.658,-67.8,-77.01,8.661
p1,1764319119.5590,3.517,-59,-77.5,18.44
p1,1764319119.5810,3.518,-58.56,-76.83,18.21
p1,1764319119.6982,3.513,-58.58,-76.8,18.15
p1,1764319119.8299,3.512,-58.49,-76.39,17.83
p1,1764319124.7092,4.717,-68.19,-75.17,6.005
p1,1764319126.4615,-6.954,-68.59,-75.77,6.255
p1,1764319129.6585,3.512,-61.14,-76.25,14.98
p1,1764319129.6804,3.51,-60.56,-76.03,15.35
p1,1764319129.7977,3.506,-60.32,-76.89,16.48
p1,1764319129.9294,3.512,-60.37,-76.62,16.15
G,1764319138,13.069071667,-16.747463333,18.1
p1,1764319139.7579,3.514,-58.67,-76.85,18.11
p1,1764319139.7799,3.512,-58.72,-76.96,18.17
p1,1764319139.8969,3.512,-58.73,-77.23,18.44
p1,1764319139.8972,-4.663,-67.46,-77.94,10.08
p1,1764319140.0290,3.517,-58.75,-76.67,17.84
p1,1764319149.8574,3.514,-58.75,-77.65,18.84
p1,1764319149.8794,3.516,-58.61,-77.22,18.54
p1,1764319149.9964,3.508,-58.45,-77.08,18.57
p1,1764319150.1284,3.514,-58.9,-76.29,17.31
p1,1764319159.9567,3.506,-58.88,-76.02,17.06
C,1764319160.004,5,0
p1,1764319159.9787,3.507,-58.5,-76.67,18.1
p1,1764319160.0959,3.518,-58.74,-76.86,18.05
p1,1764319160.2277,3.517,-58.78,-76.27,17.41
p1,1764319170.0562,3.502,-68.1,-76.4,7.596
p1,1764319170.0782,3.491,-68.53,-77.28,8.129
p1,1764319170.1952,3.512,-68.35,-77.7,8.818
p1,1764319170.3272,3.501,-68.17,-77.7,9.018
C,1764319180.005,4,0
p1,1764319180.1557,3.512,-68.61,-76.67,7.322
p1,1764319180.1777,3.513,-68.19,-76.78,7.942
p1,1764319180.2947,3.491,-68.36,-76.35,7.235
p1,1764319180.4269,3.499,-68.01,-77.38,8.833
p1,1764319190.2549,3.495,-69.21,-77.46,7.551
p1,1764319190.2769,3.522,-69.34,-77.65,7.62
p1,1764319190.3941,3.504,-69.77,-77.04,6.366
p1,1764319190.5261,3.496,-70.04,-77.28,6.325
G,1764319198,13.069073333,-16.747461667,18
C,1764319200.005,5,0
p1,1764319200.3766,3.511,-69.17,-76.89,6.919
p1,1764319200.6254,3.524,-70.06,-77.43,6.481
p1,1764319210.4539,3.5,-69.34,-77.57,7.525
p1,1764319210.4759,3.511,-68.59,-77.79,8.643
p1,1764319210.5931,3.496,-69.92,-77.7,6.985
p1,1764319210.7249,3.515,-68.95,-78.25,8.757
p1,1764319220.5534,3.505,-69.46,-77.39,7.165
p1,1764319220.5754,3.512,-68.39,-76.7,7.618
p1,1764319220.6926,3.505,-68.97,-76.82,7.074
p1,1764319220.8244,3.508,-68.8,-77.18,7.692
p1,1764319230.6746,3.501,-69.4,-77.11,6.911
p1,1764319230.7919,3.512,-69.55,-76.84,6.393
p1,1764319230.9236,3.504,-69.78,-77.65,7.095
C,1764319240.004,4,0
p1,1764319240.7524,3.546,-69.82,-77.59,6.97
p1,1764319240.7741,3.515,-68.29,-77.54,8.699
p1,1764319240.8914,3.51,-69.2,-77.85,8.007
p1,1764319241.0231,3.501,-69.61,-78.24,7.993
p1,1764319250.8516,3.504,-68.7,-77.09,7.711
p1,1764319250.8736,3.52,-68.38,-77.4,8.437
p1,1764319250.9909,3.499,-68.24,-75.66,6.553
p1,1764319251.1226,3.508,-67.76,-76.8,8.46
G,1764319258,13.069073333,-16.747463333,18
C,1764319260.004,5,0
p1,1764319260.9511,3.49,-69.01,-76.69,6.873
p1,1764319260.9731,3.51,-68.62,-77.46,8.228
p1,1764319261.0904,3.525,-68.44,-77.38,8.354
p1,1764319261.2221,3.523,-68.34,-77.43,8.524
p1,1764319271.0506,3.49,-68.69,-76.92,7.522
p1,1764319271.0726,3.507,-68.54,-77.65,8.532
p1,1764319271.1896,3.521,-69.55,-77.32,6.983
C,1764319280.005,4,0
p1,1764319281.1498,3.517,-68.71,-77.35,7.995
p1,1764319281.1719,3.486,-68.74,-77.44,8.065
p1,1764319281.2891,3.504,-68.59,-77.1,7.843
p1,1764319281.4209,3.517,-68.76,-76.6,7.055
p1,1764319291.2493,3.489,-68.78,-76.63,7.069
p1,1764319291.2714,3.496,-68.5,-77.31,8.202
p1,1764319291.3886,3.498,-68.85,-76.61,6.967
p1,1764319291.5203,3.529,-67.7,-76.66,8.373
p1,1764319301.3488,3.517,-69.35,-77.06,6.912
p1,1764319301.3708,3.516,-68.47,-76.64,7.448
p1,1764319301.4878,3.505,-69.38,-77.23,7.083
p1,1764319301.6198,3.514,-69.28,-77.42,7.424
p1,1764319311.4483,3.522,-69.53,-78.27,8.12
p1,1764319311.4703,3.499,-68.78,-77.52,8.115
p1,1764319311.5873,3.515,-68.32,-77.42,8.528
p1,1764319311.7191,3.513,-69.54,-77.78,7.533
G,1764319318,13.069073333,-16.747465,17.9
C,1764319320.005,5,0
p1,1764319321.5476,3.501,-68.38,-77.59,8.663
p1,1764319321.5696,3.518,-69.3,-77.25,7.194
p1,1764319321.6868,3.522,-68.82,-76.6,6.996
p1,1764319321.8186,3.491,-68.1,-77.41,8.766
p1,1764319331.6471,3.523,-68.43,-77.37,8.354
p1,1764319331.6693,3.507,-69.09,-77.33,7.531
p1,1764319331.7863,3.51,-67.9,-77.29,8.85
p1,1764319331.9181,3.52,-67.66,-76.95,8.739
C,1764319340.005,4,0
p1,1764319341.7466,3.509,-68.82,-76.83,7.268
p1,1764319341.7686,3.513,-68.68,-77.11,7.755
p1,1764319341.8858,3.531,-68.68,-77.66,8.394
p1,1764319342.0176,3.5,-69.12,-77.13,7.269
p1,1764319351.8461,3.507,-68.64,-78.01,8.833
p1,1764319351.8681,3.49,-69.45,-76.97,6.673
p1,1764319352.1168,3.494,-70.34,-77.33,6.022
p1,1764319361.9675,3.504,-68.36,-77.15,8.169
p1,1764319362.0845,3.52,-69.24,-77.34,7.366
p1,1764319362.2163,3.53,-69.24,-77.71,7.812
p1,1764319372.0448,3.522,-68.59,-77.41,8.206
p1,1764319372.0668,3.536,-68.81,-77.53,8.091
p1,1764319372.1840,3.515,-68.24,-77.48,8.69
p1,1764319372.3158,3.515,-67.78,-76.78,8.414
G,1764319378,13.069073333,-16.747465,18
C,1764319380.006,5,0
p1,1764319382.1443,3.479,-69.33,-76.33,6.028
p1,1764319382.1663,3.52,-69.39,-76.59,6.275
p1,1764319382.2833,3.508,-69.34,-77.47,7.406
p1,1764319382.4153,3.487,-68.94,-77.01,7.33
p1,1764319392.2438,3.521,-68.79,-77.06,7.567
p1,1764319392.2658,3.513,-67.54,-76.58,8.457
p1,1764319392.3828,3.514,-68.31,-77.01,8.074
p1,1764319392.5148,3.533,-68.45,-77.03,7.93
C,1764319400.004,4,0
p1,1764319402.3653,3.487,-68.75,-76.81,7.326
p1,1764319402.4823,3.512,-69.12,-76.76,6.81
p1,1764319402.6143,3.508,-69.8,-77.52,6.912
p1,1764319412.4425,3.5,-70.06,-77.96,7.137
p1,1764319412.4645,3.505,-69.62,-77.78,7.447
p1,1764319412.5818,3.505,-70.26,-77.56,6.408
p1,1764319412.7135,3.517,-69.36,-76.93,6.744
C,1764319420.004,5,0
p1,1764319422.5420,3.501,-69.56,-77.35,6.998
p1,1764319422.5640,3.527,-69.22,-77.04,7.04
p1,1764319422.6810,3.477,-69.1,-76.77,6.847
p1,1764319422.8130,3.512,-69.71,-76.7,6.025
p1,1764319432.6413,3.504,-68.92,-76.66,6.941
p1,1764319432.6638,3.498,-70.09,-77.52,6.567
p1,1764319432.7805,3.505,-68.72,-77.14,7.742
p1,1764319432.9125,3.506,-68.74,-77.02,7.574
G,1764319438,13.069075,-16.747461667,18.1
C,1764319440.006,4,0
p1,1764319442.7410,3.534,-70.85,-78.05,6.278
p1,1764319442.8800,3.515,-69.82,-77.53,6.9
p1,1764319452.8403,3.496,-69.73,-77.15,6.55
p1,1764319452.8625,3.514,-69.02,-77.43,7.734
p1,1764319452.9795,3.523,-69.11,-76.72,6.784
p1,1764319453.1113,3.515,-69.1,-77.01,7.136
C,1764319459.135,4,0
p1,1764319462.9398,3.491,-69.25,-77.38,7.406
p1,1764319462.9617,3.524,-68.6,-77.98,8.848
p1,1764319463.0790,3.518,-68.65,-77.71,8.492
p1,1764319463.2107,3.517,-69.68,-77.63,7.188
p1,1764319473.0392,3.503,-68.98,-77.45,7.807
p1,1764319473.0612,3.525,-68.46,-76.77,7.61
p1,1764319473.1782,3.519,-68.7,-77.35,8.01
p1,1764319473.3102,3.52,-68.77,-76.96,7.478
C,1764319480.005,5,0
p1,1764319483.1385,3.488,-69.61,-77.22,6.775
p1,1764319483.1607,3.506,-68.47,-77.12,8.013
p1,1764319483.2777,3.512,-68.99,-77.88,8.285
p1,1764319483.4095,3.521,-67.55,-77.05,8.984
p1,1764319493.2380,3.507,-67.46,-77.45,9.532
p1,1764319493.2602,3.511,-69.06,-77.59,7.87
p1,1764319493.3772,3.512,-68.74,-77.44,8.071
p1,1764319493.5090,3.494,-68.8,-77.27,7.802
G,1764319498,13.069075,-16.747461667,18.2
C,1764319500.004,4,0
p1,1764319503.3375,3.501,-69.19,-76.41,6.313
p1,1764319503.3595,3.518,-69.35,-76.91,6.726
p1,1764319503.4767,3.498,-69,-77.01,7.264
p1,1764319503.6085,3.509,-68.66,-78.12,8.943
p1,1764319513.4370,3.509,-69.01,-77.68,8.041
p1,1764319513.4587,3.504,-68.55,-77.19,8.009
p1,1764319513.5760,3.519,-69.16,-77.18,7.274
p1,1764319513.7080,3.509,-68.68,-77.26,7.93
p1,1764319523.5365,3.511,-69.53,-77.26,6.936
p1,1764319523.5582,3.493,-68.77,-77.54,8.149
p1,1764319523.6754,3.516,-69.43,-77.67,7.537
p1,1764319523.8075,3.501,-68.89,-77.83,8.342
p1,1764319533.6357,3.514,-69.39,-77.52,7.412
p1,1764319533.6577,3.509,-70.18,-77.7,6.675
p1,1764319533.7750,3.501,-69.03,-76.94,7.149
p1,1764319533.9067,3.502,-68.83,-77.04,7.498
C,1764319540.005,5,0
p1,1764319543.7352,3.526,-69.53,-77.23,6.896
p1,1764319543.7572,3.523,-68.7,-77.27,7.924
p1,1764319543.8745,3.542,-68.92,-77.62,8.073
p1,1764319544.0062,3.493,-68.33,-76.58,7.54
p1,1764319553.8344,3.464,-68.58,-76.6,7.278
p1,1764319553.8567,3.527,-67.53,-76.76,8.672
p1,1764319553.9739,3.506,-68.31,-76.33,7.268
p1,1764319554.1057,3.515,-68.33,-77.42,8.518
G,1764319558,13.069076667,-16.747461667,18.3
C,1764319560.002,4,0
p1,1764319563.9342,3.506,-69.86,-76.89,6.072
p1,1764319563.9559,3.541,-70.1,-77.43,6.435
p1,1764319564.2049,3.506,-69.52,-77.66,7.422
p1,1764319574.0334,3.508,-68.72,-78.05,8.798
p1,1764319574.0554,3.512,-68.41,-77.18,8.156
p1,1764319574.1727,3.503,-69.22,-77.62,7.722
p1,1764319574.3044,3.507,-68.56,-77.91,8.815
C,1764319580.005,5,0
p1,1764319584.1332,3.471,-70.18,-77.78,6.778
p1,1764319584.1549,3.509,-68.3,-77.66,8.829
p1,1764319584.2722,3.506,-69.09,-77.01,7.151
p1,1764319584.4039,3.51,-69.74,-77.22,6.628
p1,1764319594.2324,3.507,-69.23,-77.37,7.42
p1,1764319594.2544,3.495,-69.8,-77.87,7.333
p1,1764319594.3714,3.491,-69.46,-78.02,7.902
p1,1764319594.5034,3.521,-68.5,-77.52,8.437
C,1764319600.006,4,0
p1,1764319604.3319,3.537,-69.53,-77.17,6.822
p1,1764319604.3539,3.519,-69.06,-76.85,7
p1,1764319604.4709,3.512,-68.93,-77.24,7.621
p1,1764319604.6029,3.501,-68.4,-77.26,8.263
p1,1764319614.4312,3.507,-69.58,-77.73,7.425
p1,1764319614.4532,3.522,-68.75,-77.81,8.482
p1,1764319614.5704,3.499,-69.35,-76.84,6.632
p1,1764319614.7022,3.504,-69.3,-77.17,7.094
G,1764319618,13.069078333,-16.747461667,18.6
p1,1764319624.5306,3.511,-69.41,-77.92,7.85
p1,1764319624.5526,3.532,-67.97,-77.31,8.802
p1,1764319624.6699,3.506,-68.06,-77.33,8.725
p1,1764319624.8017,3.514,-69.13,-76.88,6.955
p1,1764319634.6301,3.507,-69.33,-77.57,7.536
p1,1764319634.6521,3.497,-69.28,-77.76,7.815
p1,1764319634.7694,3.507,-69.4,-78.18,8.16
p1,1764319634.9011,3.493,-68.29,-77.71,8.895
C,1764319640.005,5,0
p1,1764319644.7296,3.496,-69.49,-77.14,6.834
p1,1764319644.7514,3.515,-68.99,-77.02,7.282
p1,1764319644.8686,3.516,-68.79,-77.3,7.847
p1,1764319645.0006,3.505,-68.85,-77.21,7.67
p1,1764319654.8289,3.534,-69.76,-77.29,6.686
p1,1764319654.8509,3.503,-69.33,-77.14,7.029
p1,1764319654.9681,3.503,-69.9,-77.73,7.038
p1,1764319655.0999,3.491,-69.3,-77.22,7.153
C,1764319660.005,4,0
p1,1764319664.9284,3.523,-69.48,-77.59,7.382
p1,1764319664.9504,3.51,-70.31,-77.38,6.119
p1,1764319665.0676,3.495,-69.88,-77.22,6.451
p1,1764319665.1994,3.526,-69.16,-78.01,8.253
p1,1764319675.0499,3.491,-68.83,-77.59,8.138
G,1764319678,13.069078333,-16.74746,18.5
p1,1764319685.1274,3.493,-68.72,-77.27,7.898
p1,1764319685.1491,3.509,-70.03,-77.28,6.344
p1,1764319685.2663,3.508,-68.24,-77.48,8.688
p1,1764319685.3981,3.529,-69,-77.43,7.761
p1,1764319695.2266,3.49,-69.15,-77.43,7.583
p1,1764319695.2486,3.512,-68.78,-77.35,7.922
p1,1764319695.3659,3.498,-68.2,-77.42,8.667
p1,1764319695.4976,3.528,-68.26,-77.53,8.726
C,1764319700.004,5,0
p1,1764319705.3261,3.504,-69.39,-77.67,7.582
p1,1764319705.3481,3.511,-68.54,-77.7,8.601
p1,1764319705.4651,3.52,-69.65,-77.22,6.727
p1,1764319705.5971,3.501,-69.27,-77.52,7.548
p1,1764319715.4256,3.516,-69.21,-77.14,7.163
p1,1764319715.4476,3.5,-69.9,-77.17,6.364
p1,1764319715.5646,3.511,-69.8,-76.95,6.225
p1,1764319715.6966,3.493,-70.02,-77.73,6.909
C,1764319720.005,4,0
p1,1764319725.5251,3.508,-69.08,-78.31,8.677
p1,1764319725.5468,3.503,-68.94,-77.55,7.972
p1,1764319725.6641,3.512,-68.48,-77.98,8.979
p1,1764319725.7958,3.513,-68.57,-77.72,8.585
p1,1764319735.6243,3.509,-69.13,-77.51,7.697
p1,1764319735.6463,3.495,-69.89,-77.26,6.486
p1,1764319735.7636,3.49,-68.61,-77.42,8.198
p1,1764319735.8953,3.5,-68.33,-77.33,8.42
G,1764319738,13.069078333,-16.74746,18.5
C,1764319740.005,5,0
p1,1764319745.7238,3.505,-68.2,-77.19,8.406
p1,1764319745.7458,3.522,-68.88,-77.5,7.979
p1,1764319745.8631,3.517,-68.15,-77.29,8.578
p1,1764319745.9948,3.506,-68.59,-77.37,8.161
p1,1764319755.8233,3.501,-69.65,-77.24,6.755
p1,1764319755.8453,3.506,-68.71,-76.96,7.541
p1,1764319755.9623,3.497,-68.08,-76.78,8.08
p1,1764319756.0943,3.51,-68.53,-77.8,8.72
C,1764319760.004,4,0
p1,1764319765.9228,3.516,-69.33,-77.01,6.857
p1,1764319765.9446,3.503,-69.21,-76.89,6.871
p1,1764319766.0618,3.499,-67.97,-77.66,9.193
p1,1764319766.1938,3.508,-68.7,-76.98,7.577
p1,1764319776.0221,3.52,-68.46,-77.26,8.194
p1,1764319776.0441,3.495,-67.63,-77.83,9.758
p1,1764319776.1613,3.501,-68.03,-77.27,8.694
p1,1764319776.2931,3.53,-69.43,-77.43,7.248
p1,1764319786.1215,3.489,-68.08,-77.97,9.422
p1,1764319786.1435,3.52,-68.53,-77.24,8.077
p1,1764319786.2606,3.515,-68.07,-77.23,8.603
p1,1764319786.3926,3.499,-67.65,-77.66,9.555
p1,1764319796.2210,3.521,-68.66,-77.63,8.374
p1,1764319796.2430,3.51,-69.42,-77.12,6.892
p1,1764319796.3603,3.508,-68.28,-77.43,8.591
p1,1764319796.4921,3.498,-68.77,-77.49,8.091
G,1764319798,13.069078333,-16.74746,18.6
C,1764319800.005,5,0
p1,1764319806.3206,3.515,-67.76,-77.2,8.926
p1,1764319806.3423,3.518,-69,-77.5,7.843
p1,1764319806.4593,3.5,-69.48,-77.33,7.068
p1,1764319806.5913,3.497,-67.78,-76.95,8.602
p1,1764319816.4198,3.507,-68.25,-78.1,9.374
p1,1764319816.4418,3.493,-68.43,-77.49,8.49
p1,1764319816.5590,3.49,-69.08,-77.55,7.801
p1,1764319816.6908,3.503,-68.38,-77.21,8.214
C,1764319820.006,4,0
p1,1764319826.5193,3.507,-68.09,-77.15,8.49
p1,1764319826.5413,3.501,-68.85,-77.62,8.152
p1,1764319826.6585,3.498,-68.42,-78.24,9.34
p1,1764319826.7903,3.494,-67.95,-77.36,8.879
p1,1764319836.6188,3.493,-67.93,-77.41,8.955
p1,1764319836.6408,3.514,-68.01,-77.07,8.485
p1,1764319836.7578,3.499,-68.23,-77.39,8.598
p1,1764319836.8898,3.502,-69.13,-77.24,7.381
p1,1764319846.7181,3.499,-67.92,-77.24,8.779
p1,1764319846.7403,3.497,-69.09,-77.47,7.688
p1,1764319846.8573,3.494,-68.01,-77.32,8.772
p1,1764319846.9890,3.525,-68.21,-77.51,8.758
p1,1764319856.8175,3.492,-69.17,-77.06,7.126
p1,1764319856.8395,3.502,-68.2,-77.43,8.687
p1,1764319856.9568,3.508,-68.48,-77.89,8.88
p1,1764319857.0885,3.5,-68.21,-77.71,8.977
G,1764319858,13.069078333,-16.74746,18.8
C,1764319860.004,5,0
p1,1764319866.9170,3.496,-68.51,-77.52,8.424
p1,1764319866.9390,3.505,-68.9,-77.65,8.123
p1,1764319867.0562,3.51,-67.84,-77.57,9.235
p1,1764319867.1880,3.478,-67.5,-76.87,8.838
p1,1764319877.0165,3.509,-68.41,-77.78,8.834
p1,1764319877.0383,3.509,-67.75,-77.82,9.619
p1,1764319877.1555,3.504,-68.73,-77.29,7.908
p1,1764319877.2875,3.502,-68.41,-77.9,8.968
C,1764319880.005,4,0
p1,1764319887.1160,3.506,-68.92,-76.78,7.075
p1,1764319887.1377,3.498,-67.68,-77.39,9.223
p1,1764319887.2550,3.494,-68.73,-77.47,8.116
p1,1764319887.3870,3.501,-68.46,-76.37,7.145
p1,1764319897.2152,3.517,-68.77,-76.87,7.369
p1,1764319897.2372,3.503,-69.29,-76.88,6.768
p1,1764319897.3545,3.49,-68.34,-77.07,8.104
p1,1764319897.4862,3.477,-68.39,-77.26,8.261
C,1764319900.005,5,0
p1,1764319907.3147,3.512,-68.52,-76.59,7.338
p1,1764319907.3367,3.506,-69.12,-77.06,7.174
p1,1764319907.4540,3.491,-68.52,-77.74,8.672
p1,1764319907.5857,3.516,-67.82,-77.86,9.587
p1,1764319917.4142,3.503,-68.2,-76.98,8.17
p1,1764319917.4362,3.518,-68.18,-77.1,8.325
p1,1764319917.5535,3.509,-68.36,-77.02,8.019
p1,1764319917.6852,3.483,-68.14,-76.8,8.028
G,1764319918,13.06908,-16.747458333,18.8
C,1764319920.006,4,0
p1,1764319927.5137,3.484,-68.25,-76.98,8.101
p1,1764319927.5355,3.488,-67.93,-78.07,9.691
p1,1764319927.6527,3.518,-68.92,-77.36,7.773
p1,1764319927.7845,3.509,-68.08,-77.36,8.732
p1,1764319937.6130,3.51,-68.61,-77.28,8.027
p1,1764319937.6350,3.504,-68.21,-77.57,8.818
p1,1764319937.7522,3.515,-69.4,-77.28,7.111
p1,1764319937.8840,3.501,-68.01,-77.13,8.555
p1,1764319947.7125,3.507,-68.97,-77.27,7.607
p1,1764319947.7345,3.504,-68.45,-76.92,7.812
p1,1764319947.8517,3.486,-67.67,-76.73,8.479
p1,1764319947.9835,3.505,-68.24,-77.2,8.378
p1,1764319957.8117,3.483,-68.71,-77.14,7.762
p1,1764319957.8339,3.506,-68.25,-77.36,8.534
p1,1764319957.9512,3.505,-68.52,-77.88,8.834
p1,1764319958.0829,3.504,-69.24,-76.85,6.789
C,1764319960.005,5,0
p1,1764319967.9115,3.508,-68.16,-77.5,8.8
p1,1764319967.9332,3.517,-68.6,-77.34,8.114
p1,1764319968.0504,3.503,-68,-77.33,8.795
p1,1764319968.1824,3.503,-68.89,-77.15,7.563
p1,1764319978.0109,3.509,-67.6,-76.96,8.822
p1,1764319978.0327,3.516,-68.12,-76.99,8.267
p1,1764319978.1500,3.502,-68.58,-77.69,8.547
p1,1764319978.2817,3.51,-68.39,-77.33,8.347
G,1764319978,13.06908,-16.747458333,18.8
C,1764319980.005,4,0
p1,1764319988.1102,3.503,-68.53,-76.99,7.794
p1,1764319988.1322,3.52,-67.57,-77.23,9.164
p1,1764319988.2494,3.486,-69.12,-77.64,7.86
p1,1764319988.3812,3.5,-68.57,-78.01,8.918
p1,1764319998.2097,3.501,-68.03,-77.24,8.655
p1,1764319998.2317,3.508,-68.44,-76.9,7.785
p1,1764319998.3487,3.511,-68.59,-77.27,8.05
p1,1764319998.4807,3.517,-69.03,-76.97,7.187
p1,1764320008.3092,3.494,-67.34,-75.27,7.168
p1,1764320008.3312,3.526,-67.86,-75.11,6.341
p1,1764320008.4487,3.508,-67.51,-75.84,7.639
p1,1764320008.5799,3.502,-66.03,-75.89,9.379
p1,1764320018.4084,3.507,-68.58,-77.47,8.293
p1,1764320018.4304,3.514,-68.68,-77.46,8.166
p1,1764320018.5477,3.489,-68.04,-77.12,8.51
p1,1764320018.6794,3.498,-68.36,-77.3,8.341
C,1764320020.004,5,0
p1,1764320028.5079,3.495,-68.99,-77.08,7.354
p1,1764320028.5299,3.51,-69.22,-77.17,7.19
p1,1764320028.6472,3.514,-69.49,-76.95,6.608
p1,1764320028.7789,3.494,-68.79,-78,8.65
p1,1764320038.6074,3.493,-68.1,-77.93,9.354
p1,1764320038.6294,3.506,-67.96,-76.96,8.423
p1,1764320038.7467,3.485,-68.21,-77.52,8.768
p1,1764320038.8784,3.508,-68.34,-76.67,7.632
G,1764320038,13.069081667,-16.747458333,18.8
C,1764320040.005,4,0
p1,1764320048.7069,3.505,-67.86,-77.15,8.747
p1,1764320048.7286,3.496,-68.17,-77.32,8.581
p1,1764320048.8459,3.507,-68.52,-77.41,8.284
p1,1764320048.9779,3.498,-68.75,-77.03,7.573
p1,1764320058.8062,3.499,-68.28,-77.64,8.832
p1,1764320058.8281,3.518,-67.58,-77.18,9.102
p1,1764320058.9454,3.494,-68.23,-77.93,9.199
p1,1764320059.0774,3.499,-68.62,-77.28,8.021
C,1764320059.599,4,0
C,1764320060.005,5,0
p1,1764320068.9056,3.504,-68.58,-76.91,7.633
p1,1764320068.9276,3.507,-68.74,-77.37,7.981
p1,1764320069.0447,3.49,-68.83,-77.1,7.567
p1,1764320069.1766,3.506,-68.43,-76.85,7.739
p1,1764320079.0051,3.508,-67.87,-77.52,9.155
p1,1764320079.0271,3.505,-67.89,-76.9,8.427
p1,1764320079.1444,3.518,-69.27,-77.27,7.247
p1,1764320079.2761,3.484,-67.8,-77.45,9.154
C,1764320080.004,4,0
p1,1764320089.1046,3.503,-67.81,-77.08,8.723
p1,1764320089.1266,3.493,-68.46,-77.38,8.324
p1,1764320089.2436,3.506,-68.41,-77.58,8.609
p1,1764320089.3754,3.488,-69.42,-77.55,7.409
G,1764320098,13.069081667,-16.747456667,18.9
p1,1764320099.2039,3.513,-68.15,-77.24,8.525
p1,1764320099.2259,3.5,-68.75,-77.57,8.209
p1,1764320099.3431,3.497,-69.23,-76.94,6.909
p1,1764320099.4749,3.5,-67.98,-77.1,8.551
p1,1764320109.3034,3.509,-67.71,-77.52,9.33
p1,1764320109.3254,3.508,-67.64,-77.14,8.976
p1,1764320109.4426,3.509,-68.27,-77.48,8.651
p1,1764320109.5744,3.478,-67.8,-76.9,8.535
p1,1764320119.4029,3.492,-68.38,-77.77,8.861
p1,1764320119.4248,3.499,-67.98,-77.24,8.718
p1,1764320119.5419,3.5,-68.09,-77.69,9.094
p1,1764320119.6739,3.507,-68.34,-77.14,8.189
C,1764320120.006,5,0
p1,1764320129.5021,3.501,-68.45,-77.37,8.324
p1,1764320129.5243,3.504,-69.62,-77.45,7.05
p1,1764320129.6414,3.5,-69.01,-77.11,7.362
p1,1764320129.7731,3.501,-68.43,-77.72,8.749
p1,1764320139.6016,3.504,-68.07,-77.66,9.094
p1,1764320139.6236,3.493,-67.37,-77.23,9.384
p1,1764320139.7408,3.506,-68.87,-77.95,8.516
p1,1764320139.8726,3.499,-68.5,-76.93,7.761
C,1764320140.005,4,0
p1,1764320149.7011,3.492,-67.99,-77.91,9.45
p1,1764320149.7231,3.506,-67.59,-77.23,9.136
p1,1764320149.8403,3.496,-68.4,-77.85,8.93
p1,1764320149.9721,3.512,-68.41,-77.66,8.703
G,1764320158,13.069081667,-16.747455,18.8
p1,1764320159.8006,3.508,-68.68,-77.42,8.117
p1,1764320159.8226,3.51,-68.46,-77.3,8.238
p1,1764320159.9396,3.503,-68.44,-77.71,8.729
C,1764320160.004,5,0
p1,1764320160.0716,3.514,-68.61,-76.99,7.69
p1,1764320169.9001,3.5,-69.14,-77.76,7.975
p1,1764320169.9218,3.493,-69.15,-77.76,7.957
p1,1764320170.0391,3.499,-68.45,-77.59,8.572
p1,1764320170.1711,3.52,-69.08,-77.55,7.811
p1,1764320179.9993,3.493,-69.43,-76.56,6.199
p1,1764320180.0213,3.514,-69.48,-77.12,6.818
p1,1764320180.1386,3.521,-69.53,-77.31,6.986
p1,1764320180.2703,3.509,-69.67,-76.81,6.205
p1,1764320190.0988,3.505,-69.1,-77.91,8.191
p1,1764320190.1208,3.514,-69.26,-77.69,7.76
p1,1764320190.2381,3.485,-69.81,-77.81,7.248
p1,1764320190.3698,3.498,-68.92,-77.69,8.153
C,1764320200.008,4,0
p1,1764320200.1983,3.51,-69.12,-77.5,7.696
p1,1764320200.2203,3.512,-68.34,-77.53,8.633
p1,1764320200.3373,3.521,-68.73,-77.4,8.035
p1,1764320200.4693,3.509,-68.8,-76.85,7.312
p1,1764320210.2973,3.478,-69.59,-77.11,6.677
p1,1764320210.4368,3.506,-69.65,-78.6,8.354
p1,1764320210.5688,3.517,-69.96,-77.39,6.56
G,1764320218,13.069081667,-16.747455,18.8
C,1764320220.007,5,0
p1,1764320220.3971,3.492,-68.93,-77.48,7.902
p1,1764320220.4190,3.513,-68.14,-77.08,8.354
p1,1764320220.5363,3.498,-68.34,-77.52,8.618
p1,1764320220.6680,3.506,-69.05,-78.1,8.472
p1,1764320230.4965,3.501,-68.65,-77.59,8.347
p1,1764320230.5186,3.502,-67.96,-77.53,9.057
p1,1764320230.6358,3.517,-68.46,-76.78,7.63
p1,1764320230.7675,3.498,-68.83,-78.27,8.914
C,1764320240.004,4,0
p1,1764320240.5960,3.493,-67.95,-77.35,8.869
p1,1764320240.6180,3.483,-69.24,-78.24,8.413
p1,1764320240.7353,3.484,-68.69,-77.74,8.476
p1,1764320240.8670,3.51,-67.58,-77.66,9.631
p1,1764320250.6953,3.493,-68.47,-77.64,8.603
p1,1764320250.7173,3.497,-69.67,-77.5,7.056
p1,1764320250.8345,3.504,-68.72,-77.66,8.35
p1,1764320250.9665,3.502,-69.05,-78.33,8.726
p1,1764320260.7948,3.501,-68.14,-77.18,8.462
p1,1764320260.8168,3.511,-67.99,-77.61,9.117
p1,1764320260.9340,3.501,-67.98,-77.5,9.013
p1,1764320261.0658,3.477,-68.46,-77.45,8.405
p1,1764320270.8943,3.494,-68.4,-76.8,7.72
p1,1764320270.9160,3.506,-67.88,-76.41,7.878
p1,1764320271.0335,3.496,-68.63,-77.22,7.939
p1,1764320271.1653,3.489,-68.62,-77.69,8.487
G,1764320278,13.069081667,-16.747455,18.7
C,1764320280.011,5,0
p1,1764320280.9938,3.508,-69.65,-77.34,6.878
p1,1764320281.0155,3.494,-68.55,-77.51,8.369
p1,1764320281.1328,3.484,-69.39,-77.64,7.547
p1,1764320281.2648,3.494,-68.48,-76.51,7.292
p1,1764320291.0933,3.503,-68.78,-77.26,7.811
p1,1764320291.1150,3.498,-68.5,-77.04,7.88
p1,1764320291.2323,3.485,-69.34,-77.73,7.71
p1,1764320291.3640,3.495,-68.15,-77.94,9.309
C,1764320300.005,4,0
p1,1764320301.1928,3.511,-68.15,-77.28,8.566
p1,1764320301.2145,3.51,-68.1,-76.47,7.69
p1,1764320301.3317,3.49,-68.33,-77.38,8.47
p1,1764320301.4635,3.481,-69.94,-77.23,6.39
p1,1764320311.2920,3.483,-68.98,-77.37,7.711
p1,1764320311.3140,3.493,-67.77,-77.39,9.115
p1,1764320311.4312,3.512,-68.79,-77.34,7.9
p1,1764320311.5630,3.497,-68.07,-76.72,8.014
C,1764320320.006,5,0
p1,1764320321.3913,3.517,-67.41,-77.23,9.345
p1,1764320321.4135,3.501,-69.63,-77.5,7.101
p1,1764320321.5305,3.504,-69,-77.75,8.129
p1,1764320321.6625,3.5,-68.23,-76.95,8.089
p1,1764320331.5130,3.496,-68.57,-76.17,6.764
G,1764320338,13.069081667,-16.747453333,18.6
C,1764320360.005,4,0
p1,1764320361.7892,3.51,-62.48,-76.38,13.72
p1,1764320361.8112,3.51,-61.96,-76.75,14.64
p1,1764320361.9282,3.504,-62.41,-76.87,14.3
p1,1764320362.0602,3.511,-63,-77.39,14.23
p1,1764320371.8885,3.505,-61.03,-77.21,16.07
p1,1764320371.8887,-4.643,-70.39,-78.89,7.838
p1,1764320371.9105,3.514,-61.52,-77.53,15.9
p1,1764320372.0277,3.507,-62.33,-77.43,14.97
p1,1764320372.1595,3.506,-63.27,-77.28,13.83
C,1764320380.008,5,0
p1,1764320381.9880,3.502,-64.58,-76.82,11.97
p1,1764320382.0100,3.514,-64.53,-77.75,13.01
p1,1764320382.1272,3.507,-64.78,-77.75,12.75
p1,1764320382.2590,3.502,-64.68,-77.28,12.35
G,1764320398,13.069081667,-16.747453333,18.5
C,1764320400.005,4,0
p1,1764320422.3857,3.521,-65.16,-77.35,11.93
p1,1764320422.4077,3.519,-64.85,-77.65,12.57
p1,1764320422.5249,3.503,-65.67,-77.99,12.05
p1,1764320422.6567,3.501,-66.64,-77.15,10.1
p1,1764320432.4852,3.507,-65.42,-77.95,12.28
p1,1764320432.5072,3.503,-63.81,-77.68,13.68
p1,1764320432.6242,3.495,-70.96,-77.97,6.046
p1,1764320432.7562,3.509,-61.89,-77.19,15.16
C,1764320440.004,5,0
p1,1764320442.5847,3.468,-70.41,-78.2,6.997
G,1764320458,13.069083333,-16.747455,18.4
C,1764320460.004,4,0
p1,1764320462.7834,3.515,-68.33,-77.75,8.898
p1,1764320462.8054,3.51,-69.03,-77.21,7.454
p1,1764320462.9224,3.496,-68.42,-77.26,8.23
p1,1764320463.0544,3.506,-68.49,-77.32,8.22
C,1764320500.007,5,0
G,1764320518,13.069085,-16.747456667,18.5
C,1764320520.004,4,0
C,1764320540.005,5,0
C,1764320560.005,4,0
G,1764320578,13.069083333,-16.747458333,18.5
C,1764320600.004,5,0
C,1764320620.007,4,0
G,1764320638,13.069081667,-16.747456667,18.4
C,1764320640.005,5,0
C,1764320660.03,5,0
C,1764320680.005,4,0
G,1764320698,13.069081667,-16.747456667,18.3
C,1764320700.006,5,0
C,1764320720.008,4,0
G,1764320758,13.069081667,-16.747456667,18.3
C,1764320760.005,5,0
C,1764320780.005,4,0
G,1764320818,13.069083333,-16.747458333,18.2
C,1764320820.005,5,0
C,1764320840.005,4,0
C,1764320860.004,5,0
G,1764320878,13.069083333,-16.747458333,18.2
C,1764320880.005,4,0
C,1764320920.005,5,0
G,1764320938,13.069083333,-16.747456667,18.2
C,1764320940.006,4,0
C,1764320980.006,5,0
G,1764320998,13.069083333,-16.747458333,18.1
C,1764321000.007,4,0
C,1764321020.004,5,0
C,1764321040.005,4,0
G,1764321058,13.069083333,-16.74746,18
C,1764321080.005,5,0
C,1764321100.005,4,0
G,1764321118,13.069083333,-16.74746,17.8
C,1764321140.006,5,0
C,1764321160.006,4,0
G,1764321178,13.069083333,-16.74746,17.7
C,1764321180.006,5,0
C,1764321200.004,4,0
G,1764321238,13.069083333,-16.74746,17.6
C,1764321240.006,5,0
C,1764321260.006,4,0
C,1764321260.495,4,0
C,1764321280.006,5,0
G,1764321298,13.069083333,-16.747461667,17.5
C,1764321320.004,4,0
C,1764321340.005,5,0
G,1764321358,13.069088333,-16.74746,17.8
C,1764321360.004,4,0
C,1764321400.007,5,0
G,1764321418,13.069088333,-16.74746,17.7
C,1764321420.004,4,0
C,1764321460.004,5,0
G,1764321478,13.069086667,-16.74746,17.8
C,1764321480.004,4,0
C,1764321500.004,5,0
C,1764321520.005,4,0
G,1764321538,13.069086667,-16.74746,17.8
C,1764321560.005,5,0
C,1764321580.005,4,0
G,1764321598,13.069086667,-16.747461667,17.7
C,1764321620.005,5,0
C,1764321640.004,4,0
G,1764321658,13.069086667,-16.747463333,17.6
C,1764321660.006,5,0
C,1764321680.005,4,0
G,1764321718,13.069085,-16.747463333,17.5
C,1764321720.006,5,0
C,1764321740.008,4,0
G,1764321778,13.069083333,-16.747465,17.4
C,1764321780.004,5,0
C,1764321800.004,4,0
C,1764321820.003,5,0
G,1764321838,13.069081667,-16.747465,17.4
C,1764321840.004,4,0
C,1764321860.966,4,0
C,1764321880.003,5,0
G,1764321898,13.069081667,-16.747465,17.4
C,1764321900.005,4,0
p1,1764321932.7428,6.722,-72.12,-79.4,6.38
p1,1764321932.8176,-6.216,-70.63,-78.27,6.819
p1,1764321932.9871,5.935,-72.53,-79.61,6.128
p1,1764321933.6108,5.313,-71.26,-78.37,6.174
p1,1764321935.0333,-3.058,-70.83,-77.81,6.009
p1,1764321935.0541,4.852,-71.4,-78.84,6.575
p1,1764321936.4971,-6.86,-71.02,-79.2,7.463
p1,1764321938.2516,-3.111,-71.28,-78.35,6.116
p1,1764321938.3531,-2.903,-70.18,-78.13,7.195
p1,1764321938.3548,7.558,-69.41,-79.43,9.575
p1,1764321938.7408,6.696,-71.56,-79.62,7.325
p1,1764321938.8423,6.623,-70.54,-79.94,8.878
p1,1764321938.9208,6.304,-71.38,-79.62,7.536
p1,1764321939.0391,-5.883,-70.73,-79.51,8.163
p1,1764321939.0406,-4.881,-70.63,-77.94,6.419
p1,1764321939.0791,-7.988,-71.69,-79.88,7.471
p1,1764321939.0973,5.899,-72.26,-79.38,6.175
p1,1764321939.1168,-7.589,-72.6,-79.82,6.297
p1,1764321939.2133,-2.829,-70.12,-77.71,6.754
p1,1764321939.2138,-3.913,-71.16,-78.79,6.802
C,1764321940.005,5,0
p1,1764321940.7298,-6.363,-70.35,-78.74,7.71
p1,1764321940.8333,-4.998,-69.6,-78.59,8.403
p1,1764321941.1538,7.626,-70.33,-78.89,7.905
p1,1764321941.1548,2.752,-69.39,-77.79,7.73
p1,1764321941.2041,-6.194,-69.2,-78.36,8.593
p1,1764321941.2043,4.538,-70.1,-77.13,6.076
p1,1764321941.2208,6.305,-65.83,-77.84,11.73
p1,1764321941.2211,4.796,-65.98,-77.1,10.77
p1,1764321941.3361,1.806,-65.45,-77.56,11.84
p1,1764321941.3378,-7.6,-66.05,-78.57,12.27
p1,1764321941.3523,-5.104,-64.45,-77.25,12.56
p1,1764321941.3543,6.645,-64.88,-78.36,13.28
p1,1764321941.3851,-5.992,-71.07,-78.68,6.792
p1,1764321941.4021,4.801,-69.42,-78.27,8.246
p1,1764321941.4031,4.712,-69.59,-77.52,7.164
p1,1764321941.4348,7.595,-69.44,-78.27,8.22
p1,1764321941.4843,7.6,-70.34,-78.96,7.982
p1,1764321941.4848,-1.9,-70.32,-78.23,7.144
p1,1764321941.4993,3.947,-70.29,-78.8,7.856
p1,1764321941.5008,-3.906,-68.76,-78,8.691
p1,1764321941.5658,-7.089,-69.87,-79.15,8.734
p1,1764321941.5666,4.702,-70.35,-77.85,6.65
p1,1764321941.5988,-5.058,-72.19,-79.35,6.237
p1,1764321941.6468,5.996,-66.29,-78.08,11.5
p1,1764321941.6471,5.983,-65.84,-79.17,13.13
p1,1764321941.6636,-5.524,-70.98,-79.38,7.723
p1,1764321941.6781,3.953,-70.18,-77.69,6.659
p1,1764321941.6796,7.482,-68.28,-79.45,10.82
p1,1764321941.6953,4.761,-68.44,-79.3,10.49
p1,1764321941.6956,-4.722,-68.71,-77.53,8.214
p1,1764321941.7256,-3.092,-70.37,-78.35,7.232
p1,1764321941.7266,6.23,-69.62,-79.04,8.895
p1,1764321941.7906,2.722,-70.82,-77.9,6.132
p1,1764321941.7908,5.588,-70.44,-79.21,8.152
p1,1764321941.8383,-3.474,-62.59,-78.1,15.39
p1,1764321941.8521,3.833,-70.75,-78.18,6.569
p1,1764321941.8538,-6.614,-71.58,-78.94,6.487
p1,1764321941.9003,-5.613,-61.45,-79.4,17.87
p1,1764321941.9018,-2.474,-61.33,-77.88,16.45
p1,1764321941.9648,-5.945,-72.01,-79.52,6.66
p1,1764321942.0103,-6.721,-69.17,-79.14,9.508
p1,1764321942.0113,3.381,-69.38,-78.19,8.199
p1,1764321942.1498,-5.902,-67.87,-78.85,10.61
p1,1764321942.2733,-5.904,-71,-78.84,7.065
p1,1764321942.3053,5.717,-68.26,-77.71,8.929
p1,1764321942.3063,4.699,-66.91,-78.55,11.33
p1,1764321942.3503,3.18,-70.5,-78.18,6.873
p1,1764321942.3663,-6.677,-70.3,-78.81,7.849
p1,1764321942.4113,-6.746,-71.31,-78.75,6.584
p1,1764321942.4118,-3.12,-70.15,-77.25,6.155
p1,1764321942.5193,-6.965,-69.71,-79,8.742
p1,1764321942.5198,3.842,-70.17,-78.03,7.078
p1,1764321942.6108,4.347,-71.39,-78.45,6.111
p1,1764321942.6991,5.205,-67.97,-78.18,9.779
p1,1764321942.6998,4.721,-69.38,-79.31,9.47
p1,1764321942.7288,-4.293,-71.2,-79.36,7.435
p1,1764321942.8038,3.643,-65.09,-77.95,12.63
p1,1764321942.8041,3.938,-68.19,-79.1,10.54
p1,1764321942.8188,-4.739,-68.67,-77.49,8.208
p1,1764321942.8191,-7.881,-65.87,-78.84,12.74
p1,1764321942.8776,7.98,-70.45,-79.15,8.068
p1,1764321942.9073,5.6,-67.07,-77.24,9.73
p1,1764321942.9076,7.979,-65.91,-78.55,12.39
p1,1764321943.0258,6.173,-67.67,-78.58,10.54
p1,1764321943.0266,4.309,-67.3,-78.04,10.36
p1,1764321943.0841,-4.151,-68.22,-77.11,8.289
p1,1764321943.0843,-7.122,-68.44,-78.64,9.767
p1,1764321943.2028,1.529,-70.72,-77.82,6.15
p1,1764321943.6228,-2.699,-70.67,-77.71,6.083
p1,1764321943.8783,-4.332,-72.16,-79.22,6.109
p1,1764321944.5141,5.813,-65.85,-79.06,13
p1,1764321944.6081,3.458,-70.27,-77.95,6.859
p1,1764321944.6083,5.464,-69.99,-79.18,8.627
p1,1764321944.6878,7.098,-70.88,-79.18,7.61
p1,1764321944.6893,2.213,-70.33,-77.74,6.54
p1,1764321944.7856,-5.792,-71.04,-79.51,7.801
p1,1764321944.8001,-3.971,-70.51,-77.7,6.263
p1,1764321944.8483,5.628,-70.87,-79.3,7.76
p1,1764321944.8486,-5.538,-69.58,-78.1,7.862
p1,1764321945.0911,7.54,-71.19,-79.37,7.464
p1,1764321945.2563,5.798,-69.45,-79.75,9.877
p1,1764321945.2741,4.129,-71.64,-79.65,7.27
p1,1764321945.3396,1.403,-70.15,-77.85,6.894
p1,1764321945.3403,4.896,-71.18,-78.68,6.651
p1,1764321945.3726,-3.036,-58.61,-77.64,18.97
p1,1764321945.4061,7.508,-67.67,-79.04,11.04
p1,1764321945.4068,4.769,-68.12,-78.13,9.548
p1,1764321945.4226,5.207,-70.61,-79.68,8.495
p1,1764321945.4231,-4.795,-70.64,-78.43,6.999
p1,1764321945.4406,6.836,-62.93,-79.6,16.57
p1,1764321945.6601,-6.88,-71.99,-79.26,6.368
p1,1764321945.6763,-6.005,-70.42,-79.38,8.368
p1,1764321945.6926,5.091,-69.95,-77.83,7.109
p1,1764321945.6933,5.105,-69.21,-78.76,9.049
p1,1764321945.7956,-5.18,-68.17,-77.98,9.321
p1,1764321945.7963,-4.668,-67.41,-79.13,11.42
p1,1764321945.8136,-7.537,-69.56,-78.74,8.622
p1,1764321945.8468,5.87,-71.25,-79.65,7.719
p1,1764321945.8633,1.615,-68.72,-77.58,8.258
p1,1764321945.8638,-7.839,-71.01,-79.27,7.566
p1,1764321945.8798,-6.276,-64.62,-79.02,14.24
p1,1764321945.8806,1.632,-64.06,-78.11,13.88
p1,1764321945.8963,-7.465,-68.52,-78.7,9.739
p1,1764321945.9136,-5.61,-69.93,-78.77,8.224
p1,1764321945.9301,-4.73,-66.06,-77.74,11.37
p1,1764321945.9321,7.075,-66.11,-78.55,12.18
p1,1764321945.9491,4.713,-65.03,-77.53,12.24
p1,1764321945.9811,-5.041,-67.85,-78.42,10.17
p1,1764321945.9813,6.453,-65.98,-79.63,13.45
p1,1764321946.0161,-4.702,-70.03,-79.62,9.086
p1,1764321946.0308,-4.338,-70.37,-77.89,6.681
p1,1764321946.0328,-4.706,-69.04,-79.07,9.576
p1,1764321946.0648,5.6,-70.82,-78.27,6.593
p1,1764321946.0663,6.949,-69.36,-79.32,9.494
p1,1764321946.1336,-2.704,-69.19,-77.9,8.075
p1,1764321946.1508,-7.496,-69.71,-79.61,9.428
p1,1764321946.1678,-2.444,-66.71,-78.45,11.44
p1,1764321946.2203,-4.511,-66.9,-77.89,10.63
p1,1764321946.2208,7.41,-66.13,-79.34,13
p1,1764321946.2888,2.126,-68.89,-77.56,8.034
p1,1764321946.3216,7.436,-69.64,-79.13,8.966
p1,1764321946.3226,4.093,-69.97,-77.83,7.085
p1,1764321946.3391,5.49,-66.61,-79.57,12.73
p1,1764321946.3561,3.561,-69.03,-78.02,8.404
p1,1764321946.3573,5.149,-68.85,-79.13,9.85
p1,1764321946.3723,-3.495,-67.74,-77.89,9.706
p1,1764321946.3736,3.829,-69.03,-79.13,9.652
p1,1764321946.3896,-5.477,-69.56,-79.05,8.973
p1,1764321946.3898,5.486,-69.41,-77.65,7.531
p1,1764321946.4081,-2.908,-70.5,-77.92,6.552
p1,1764321946.4083,-6.783,-71.64,-79.21,6.741
p1,1764321946.4243,-5.163,-71.87,-78.86,6.021
p1,1764321946.4246,-2,-69.93,-77.76,7.047
p1,1764321946.4748,7.472,-70.1,-78.82,8.092
p1,1764321946.4931,-2.758,-64.33,-77.17,12.61
p1,1764321946.4943,4.722,-68.16,-78.83,10.28
p1,1764321946.5628,5.163,-71.73,-78.91,6.257
p1,1764321946.5638,3.193,-70.97,-78.1,6.196
p1,1764321946.6136,4.335,-67.56,-79.09,11.21
p1,1764321946.6156,-2.354,-66.74,-77.58,10.46
p1,1764321946.6311,4.284,-63.68,-78.96,15.15
p1,1764321946.6328,2.531,-62.73,-77.87,15
p1,1764321946.6491,5.037,-71.91,-79.11,6.284
p1,1764321946.6988,-2.718,-65.5,-77.93,12.17
p1,1764321946.7006,-5.854,-64.24,-79.01,14.62
p1,1764321946.7173,3.929,-70.41,-78.09,6.87
p1,1764321946.7176,-6.767,-71.62,-79.29,6.86
p1,1764321946.7343,-2.447,-58.76,-77.81,18.99
p1,1764321946.7348,-4.704,-60.33,-79.09,18.7
p1,1764321946.7848,1.052,-67.39,-77.1,9.221
p1,1764321946.7856,-6.31,-70.95,-78.78,7.048
p1,1764321946.8011,5.126,-61.44,-77.45,15.9
p1,1764321946.8013,6.348,-59.99,-79.41,19.37
p1,1764321946.8178,-5.484,-55.43,-79.29,23.84
p1,1764321946.8196,-5.136,-55.6,-77.87,22.25
p1,1764321946.8348,3.038,-66.91,-77.74,10.45
p1,1764321946.8523,4.216,-70.01,-79.03,8.44
p1,1764321946.8538,-2.211,-63.47,-78.07,14.45
p1,1764321946.8698,-3.147,-57.63,-77.7,20.03
p1,1764321946.8873,6.865,-60.26,-78.83,18.5
p1,1764321946.8878,-1.27,-60.97,-76.92,15.83
p1,1764321946.9213,5.408,-58.71,-77.91,19.15
p1,1764321946.9218,-7.047,-57.78,-78.95,21.14
p1,1764321946.9403,-2.195,-59.34,-77.42,18.01
p1,1764321946.9408,-4.265,-63.76,-78.78,14.88
p1,1764321946.9563,-4.285,-67.87,-77.92,9.601
p1,1764321946.9583,-6.725,-65.38,-78.79,13.2
p1,1764321946.9738,-7.503,-61.12,-78.8,17.61
p1,1764321946.9758,4.45,-62.9,-77.72,14.67
p1,1764321946.9923,5.795,-64.88,-77.48,12.35
p1,1764321946.9931,7.145,-64.69,-78.69,13.82
p1,1764321947.0106,3.73,-62.8,-77.85,14.92
p1,1764321947.0258,-2.365,-67.37,-77.95,10.18
p1,1764321947.0281,7.065,-67.39,-79.18,11.49
p1,1764321947.0436,-4.669,-63.85,-78.43,14.43
p1,1764321947.0438,-5.467,-65.08,-77.06,11.7
p1,1764321947.0623,-6.518,-65.88,-78.32,12.19
p1,1764321947.0806,-4.123,-66.81,-77.17,9.947
p1,1764321947.0966,5.118,-62.24,-77.66,15.3
p1,1764321947.0986,-4.047,-64.28,-78.08,13.62
p1,1764321947.1148,3.542,-62.32,-77.33,14.87
p1,1764321947.1158,7.6,-62.37,-78.32,15.85
p1,1764321947.1336,-2.959,-69.45,-77.63,7.461
p1,1764321947.1508,5.543,-60.22,-79.18,18.9
p1,1764321947.1518,3.063,-59.75,-77.81,18
p1,1764321947.1863,-7.43,-57.8,-79.25,21.41
p1,1764321947.1883,4.704,-58.51,-78.02,19.46
p1,1764321947.2233,7.558,-67.15,-78.71,11.24
p1,1764321947.2241,5.6,-67.53,-77.86,9.911
p1,1764321947.2418,-6.291,-69.8,-78.39,7.953
p1,1764321947.2426,-2.307,-69.68,-77.92,7.532
p1,1764321947.2958,-6.156,-55.04,-78.93,23.87
p1,1764321947.2973,-5.584,-56.48,-77.56,21.04
p1,1764321947.3143,6.344,-61.5,-79.26,17.69
p1,1764321947.3153,-5.6,-63.25,-78.22,14.83
p1,1764321947.3326,-3.905,-63.71,-79.44,15.61
p1,1764321947.3528,7.224,-71.11,-79.06,7.188
p1,1764321947.3703,5.659,-67.62,-77.49,9.395
p1,1764321947.3706,7.268,-65.37,-78.56,12.98
p1,1764321947.3878,-3.105,-65.84,-77.53,11.39
p1,1764321947.3888,-7.665,-65.86,-78.94,12.87
p1,1764321947.4258,6.904,-66.8,-78.82,11.73
p1,1764321947.4268,-4.807,-66.77,-78.15,11.05
p1,1764321947.4443,-5.944,-63.68,-78.29,14.45
p1,1764321947.4461,-6.757,-61.45,-79.1,17.58
p1,1764321947.4631,2.455,-57.5,-78.61,21.07
p1,1764321947.4816,-2.327,-59.76,-78.62,18.8
p1,1764321947.4823,-7.616,-59.61,-78.87,19.21
p1,1764321947.5001,4.295,-67.12,-77.8,10.29
p1,1764321947.5011,7.6,-66.25,-78.62,12.11
p1,1764321947.5208,4.22,-58.61,-76.3,17.62
p1,1764321947.5378,-3.063,-57.1,-77.68,20.54
p1,1764321947.5393,-4.629,-58.48,-79.33,20.81
p1,1764321947.5568,1.73,-55.39,-77.87,22.45
p1,1764321947.5748,4.353,-52.78,-79.15,26.36
p1,1764321947.5758,-4.225,-52.69,-77.54,24.84
p1,1764321947.5953,-1.986,-61.46,-77.97,16.41
p1,1764321947.5956,5.09,-65.81,-79.55,13.55
p1,1764321947.6123,-6.731,-57.19,-78.8,21.58
p1,1764321947.6328,-2.027,-59.7,-77.67,17.9
p1,1764321947.6496,-7.501,-59.91,-79.53,19.57
p1,1764321947.6686,-6,-62.73,-79.23,16.39
p1,1764321947.6688,-5.6,-63.69,-78.2,14.35
p1,1764321947.6868,5.6,-56.66,-77.95,21.26
p1,1764321947.6871,6.768,-54.43,-78.72,24.27
p1,1764321947.7061,6.679,-55.19,-78.63,23.41
p1,1764321947.7068,5.545,-55.3,-77.58,22.25
p1,1764321947.7248,1.858,-57.54,-77.87,20.3
p1,1764321947.7253,2.92,-62.91,-78.9,15.88
p1,1764321947.7451,-6.29,-57.33,-79.29,21.93
p1,1764321947.7618,-5.492,-60.7,-78.31,17.53
p1,1764321947.7638,-6.81,-60.42,-79.42,18.94
p1,1764321947.7806,-7.077,-60.6,-78.64,17.97
p1,1764321947.7826,1.901,-57.93,-78.1,20.12
p1,1764321947.7991,-3.91,-61.18,-77.25,15.97
p1,1764321947.8011,4.355,-61.79,-78.99,17.12
p1,1764321947.8181,-7.134,-52.6,-78.99,26.38
p1,1764321947.8186,-5.6,-53.82,-77.54,23.7
p1,1764321947.8561,-4.405,-63.4,-78.03,14.47
p1,1764321947.8568,-7.263,-62.19,-78.77,16.48
p1,1764321947.8741,5.254,-61.92,-77.62,15.58
p1,1764321947.8753,6.701,-60.13,-78.51,18.31
p1,1764321947.8943,5.6,-52.68,-76.95,24.26
p1,1764321947.8948,5.974,-51.21,-77.76,26.54
p1,1764321947.9136,-3.943,-53.22,-74.26,21
p1,1764321947.9321,-7.925,-57.69,-77.05,19.31
p1,1764321947.9323,3.171,-57.96,-76.39,18.37
p1,1764321947.9501,2.634,-61.52,-77.27,15.64
p1,1764321947.9513,3.843,-62.73,-78.69,15.85
p1,1764321947.9703,-3.525,-58.15,-77.18,18.97
p1,1764321947.9871,-5.469,-53.33,-78.92,25.58
p1,1764321947.9886,-5.422,-53.33,-77.58,24.23
p1,1764321948.0076,5.576,-68.69,-77.16,7.807
p1,1764321948.0081,6.774,-66.44,-78.65,11.94
p1,1764321948.0251,4.362,-58.98,-77.26,18.21
p1,1764321948.0266,6.859,-57.76,-78.97,21.17
p1,1764321948.0448,-7.6,-50.16,-78.9,28.73
p1,1764321948.0626,-3.738,-53.94,-77.53,23.57
p1,1764321948.0641,-4.238,-55.82,-79.46,23.62
p1,1764321948.0828,5.487,-49.36,-73.01,23.63
p1,1764321948.0833,4.908,-49.75,-72.17,22.4
p1,1764321948.1021,-3.246,-54.29,-77.56,23.24
p1,1764321948.1193,2.253,-63.14,-77.88,14.6
p1,1764321948.1211,-7.114,-58.76,-78.75,19.94
p1,1764321948.1396,2.355,-60.91,-77.85,16.86
p1,1764321948.1398,4.116,-64.75,-78.39,13.44
p1,1764321948.1571,4.412,-53.25,-78.46,25.2
p1,1764321948.1583,1.519,-51.53,-77.56,26.03
p1,1764321948.1773,4.011,-51.96,-77.79,25.81
p1,1764321948.1781,3.964,-52.89,-78.77,25.86
p1,1764321948.1951,1.215,-45.93,-53.16,6.318
p1,1764321948.1966,-5.6,-45.26,-77.32,32.05
p1,1764321948.1968,6.05,-44.3,-78.28,33.98
p1,1764321948.2161,2.609,-55.07,-76.94,21.85
p1,1764321948.2348,-7.526,-49.3,-78.44,29.13
p1,1764321948.2353,1.775,-51.98,-76.64,24.64
p1,1764321948.2538,2.294,-55.78,-77.25,21.44
p1,1764321948.2713,5.871,-50.88,-79.02,28.13
p1,1764321948.2901,2.252,-54.44,-77.52,23.06
p1,1764321948.2903,4.265,-55.6,-79.17,23.55
p1,1764321948.3096,-3.071,-54.48,-79.33,24.84
p1,1764321948.3103,1.472,-51.66,-77.81,26.14
p1,1764321948.3286,-3.939,-64.4,-77.57,12.96
p1,1764321948.3303,3.895,-65.61,-79.68,13.9
p1,1764321948.3488,6.838,-47.58,-79.86,32.27
p1,1764321948.3493,5.507,-49.62,-77.46,27.83
p1,1764321948.3671,-5.145,-54.95,-77.84,22.87
p1,1764321948.3678,-6.192,-54.81,-79.49,24.67
p1,1764321948.3876,2.237,-55.42,-77.94,22.5
p1,1764321948.4066,-3.606,-47.4,-78.39,30.99
p1,1764321948.4248,4.642,-60.98,-78.38,17.33
p1,1764321948.4256,4.753,-61.43,-79.49,18
p1,1764321948.4431,6.624,-57,-79.43,22.41
p1,1764321948.4628,7.6,-52.92,-79.09,26.16
p1,1764321948.4643,-3.103,-53.13,-78.24,25.09
p1,1764321948.4821,2.612,-56.47,-77.78,21.28
p1,1764321948.4831,7.477,-56.25,-79.05,22.78
p1,1764321948.5021,-7.863,-46.79,-79.11,32.32
p1,1764321948.5028,5.184,-47.44,-78.05,30.6
p1,1764321948.5211,-7.6,-66.99,-79.06,11.8
p1,1764321948.5223,-4.29,-70.71,-77.8,6.135
p1,1764321948.5398,7.317,-49.06,-78.62,29.55
p1,1764321948.5413,5.6,-50.4,-77.43,27.03
p1,1764321948.5608,-5.061,-66.21,-79.37,12.95
p1,1764321948.5801,6.702,-54.82,-79.25,24.42
p1,1764321948.5983,3.509,-62.43,-76.13,13.51
p1,1764321948.6173,2.641,-66.77,-76.94,9.73
p1,1764321948.6188,-4.877,-66.48,-79.1,12.38
p1,1764321948.6368,6.676,-53.53,-78.68,25.13
p1,1764321948.6386,-5.736,-55.02,-77.79,22.75
p1,1764321948.6566,5.6,-55.85,-77.92,22.04
p1,1764321948.6571,7.6,-53.1,-78.39,25.28
p1,1764321948.6758,2.308,-60.21,-77.42,17.13
p1,1764321948.6766,4.291,-62.37,-78.73,16.25
p1,1764321948.6958,-6.611,-53.16,-78.73,25.56
p1,1764321948.6971,-5.103,-54.05,-77.29,23.22
p1,1764321948.7153,5.026,-52.81,-77.73,24.91
p1,1764321948.7166,-7.414,-52.16,-79.06,26.88
p1,1764321948.7348,4.144,-49.46,-77.57,28.1
p1,1764321948.7358,-7.6,-49.78,-79.32,29.54
p1,1764321948.7543,7.557,-48.43,-78.78,30.35
p1,1764321948.7558,2.284,-48.44,-77.67,29.22
p1,1764321948.7741,5.6,-46.57,-76.81,30.23
p1,1764321948.7753,-6.884,-45.31,-78.54,33.23
p1,1764321948.7936,-3.794,-61.71,-79.15,17.35
p1,1764321948.7951,2.72,-60.93,-78.08,17.07
p1,1764321948.8128,-5.562,-56.2,-78.51,22.29
p1,1764321948.8133,1.466,-56.48,-77.8,21.28
p1,1764321948.8333,-4.009,-71.69,-78.69,6.025
p1,1764321948.8338,-4.297,-67.59,-77.45,9.384
p1,1764321948.8518,-4.39,-63.48,-79.01,15.41
p1,1764321948.8538,-3.517,-63.99,-77.6,13.41
p1,1764321948.8716,-6.698,-57.99,-78.84,20.82
p1,1764321948.8731,-5.63,-58.98,-77.35,18.31
p1,1764321948.8916,4.343,-56.38,-78.85,22.45
p1,1764321948.8931,-3.768,-54.3,-77.15,22.83
p1,1764321948.9108,-5.514,-61.26,-78.7,17.36
p1,1764321948.9111,-4.342,-61.81,-76.99,15.05
p1,1764321948.9306,-5.635,-67.3,-78.83,11.22
p1,1764321948.9326,-2.741,-67.2,-77.76,10.16
p1,1764321948.9506,-4.514,-62.9,-78.02,14.99
p1,1764321948.9508,-4.566,-61.93,-79.01,17
p1,1764321948.9716,-5.895,-65.47,-78.43,12.74
p1,1764321948.9911,3.873,-62.77,-78.58,15.69
p1,1764321948.9918,2.21,-61.6,-77.28,15.56
p1,1764321949.0101,6.134,-59.36,-78.77,19.36
p1,1764321949.0108,5.6,-60.1,-77.33,17.15
p1,1764321949.0298,2.286,-63.16,-77.2,13.86
p1,1764321949.0301,5.874,-65.33,-78.5,12.96
p1,1764321949.0501,-5.08,-64.29,-77.28,12.77
p1,1764321949.0508,-5.124,-66.01,-78.89,12.64
p1,1764321949.0713,1.821,-61.1,-77.66,16.46
p1,1764321949.0721,4.949,-61.67,-78.82,17.07
p1,1764321949.0916,-5.6,-58.59,-78.14,19.49
p1,1764321949.0921,-7.832,-56.39,-78.88,22.46
p1,1764321949.1108,3.81,-63.64,-77.44,13.61
p1,1764321949.1113,7.414,-63.11,-78.86,15.63
p1,1764321949.1321,5.126,-49.03,-78.68,29.65
p1,1764321949.1328,5.328,-49.53,-77.44,27.9
p1,1764321949.1528,-7.065,-55.9,-78.79,22.87
p1,1764321949.1531,-5.161,-57.49,-77.2,19.66
p1,1764321949.1723,7.6,-56.05,-78.77,22.7
p1,1764321949.1733,-2.281,-54.01,-77.21,23.18
p1,1764321949.1923,-1.559,-44.97,-53.12,7.426
p1,1764321949.1933,1.759,-48.92,-77.49,28.56
p1,1764321949.2116,6.392,-47.45,-78.61,31.16
p1,1764321949.2131,-5.6,-48.49,-77.27,28.78
p1,1764321949.2323,5.896,-51.76,-78.5,26.74
p1,1764321949.2326,5.965,-52.24,-77.17,24.92
p1,1764321949.2521,-1.002,-46,-53.31,6.418
p1,1764321949.2533,6.782,-43.92,-78.51,34.59
p1,1764321949.2536,-5.688,-45.51,-77.91,32.4
p1,1764321949.2723,-1.849,-43.85,-53.16,8.772
p1,1764321949.2733,4.206,-44.23,-77.7,33.46
p1,1764321949.2923,-2.255,-52.98,-77.19,24.2
p1,1764321949.2938,-3.686,-54.72,-78.3,23.56
p1,1764321949.3123,1.611,-43.29,-53.32,9.569
p1,1764321949.3141,2.23,-48.92,-77.32,28.39
p1,1764321949.3143,3.874,-51.59,-78.77,27.17
p1,1764321949.3328,-4.222,-49.46,-78.5,29.04
p1,1764321949.3333,-1.819,-47.98,-77.1,29.11
p1,1764321949.3346,-1.079,-45.95,-53.14,6.268
p1,1764321949.3531,1.882,-53.9,-77.29,23.37
p1,1764321949.3536,-7.263,-51.1,-78.28,27.17
p1,1764321949.3751,-5.802,-48.96,-78.89,29.92
p1,1764321949.3753,-5.892,-49.1,-77.09,27.98
p1,1764321949.3933,5.105,-53.55,-77.32,23.75
p1,1764321949.3946,5.86,-52.43,-78.79,26.35
p1,1764321949.4148,-7.6,-50.56,-79.13,28.56
p1,1764321949.4153,1.592,-50.51,-77.59,27.07
p1,1764321949.4338,2.059,-55.06,-77.33,22.23
p1,1764321949.4546,3.876,-69.33,-78.02,8.066
p1,1764321949.4563,1.892,-66.97,-77.42,10.04
p1,1764321949.4761,-7.206,-55.68,-78.39,22.69
p1,1764321949.4966,4.352,-50.1,-78.58,28.47
p1,1764321949.4968,1.903,-49.27,-77.29,28.02
p1,1764321949.5153,-2.032,-59.38,-77.06,17.6
p1,1764321949.5171,7.717,-58.91,-78.56,19.61
p1,1764321949.5368,4.561,-44.48,-77.81,33.33
p1,1764321949.5376,1.104,-44.17,-53.01,8.223
p1,1764321949.5561,-2.254,-50.49,-77.67,27.18
p1,1764321949.5573,4.142,-52.81,-79.28,26.47
p1,1764321949.5768,1.634,-43.28,-53.28,9.539
p1,1764321949.5771,-3.381,-49.04,-79.21,30.16
p1,1764321949.5973,-5.6,-40.19,-77.71,37.52
p1,1764321949.5993,6.433,-38.98,-78.44,39.46
p1,1764321949.6198,-5.49,-46.76,-78.52,31.76
p1,1764321949.6201,-5.5,-47.28,-77.03,29.74
p1,1764321949.6401,5.255,-48.21,-77.9,29.69
p1,1764321949.6596,0.9332,-44.69,-53.22,7.871
p1,1764321949.6616,1.831,-46.22,-77.01,30.79
p1,1764321949.6806,4.695,-41.2,-77.53,36.33
p1,1764321949.6811,1.926,-41.63,-53.22,11.28
p1,1764321949.7016,-3.548,-44.85,-77.19,32.34
p1,1764321949.7036,-4.619,-44.85,-78.48,33.63
p1,1764321949.7226,-4.727,-55.05,-78.77,23.7
p1,1764321949.7438,3.96,-43.79,-79.13,35.34
p1,1764321949.7441,0.8973,-44.64,-53.12,7.822
p1,1764321949.7446,5.67,-44.21,-77.21,32.99
p1,1764321949.7651,-7.53,-53.17,-79.04,25.85
p1,1764321949.7871,-7.6,-52.71,-78.86,26.13
p1,1764321949.8061,7.041,-45.28,-78.85,33.57
p1,1764321949.8076,5.6,-45.92,-78.24,32.32
p1,1764321949.8291,5.6,-43.87,-77.18,33.31
p1,1764321949.8293,7.42,-42.25,-79.02,36.78
p1,1764321949.8486,3.508,-58.13,-77.08,18.89
p1,1764321949.8706,7.43,-43.65,-78.21,34.56
p1,1764321949.8713,-1.822,-45.09,-53.11,7.274
p1,1764321949.8908,0.4,-44.47,-53.08,7.962
p1,1764321949.8913,7.6,-44.29,-78.86,34.58
p1,1764321949.8926,-5.6,-46.15,-77.13,30.98
p1,1764321949.9126,-5.6,-49.14,-77.82,28.67
p1,1764321949.9143,-7.869,-43.83,-78.92,35.09
p1,1764321949.9336,-5.096,-51.28,-78.98,27.7
p1,1764321949.9338,-2.588,-50.11,-77.85,27.73
p1,1764321949.9571,3.6,-40.31,-53.16,12.62
p1,1764321949.9573,-5.894,-36.37,-78.85,42.48
p1,1764321949.9786,1.738,-47.32,-77.62,30.3
p1,1764321949.9793,0.7745,-45.72,-53.01,6.395
p1,1764321950.0001,-5.312,-53.53,-78.37,24.82
p1,1764321950.0216,5.932,-49.04,-78.55,29.5
p1,1764321950.0236,-4.293,-49.57,-77.59,28.02
p1,1764321950.0448,4.799,-55.43,-77.61,22.15
p1,1764321950.0451,4.894,-57.61,-78.42,20.77
p1,1764321950.0671,-5.939,-42.98,-76.74,33.76
p1,1764321950.0676,-4.311,-43.37,-75.91,32.54
p1,1764321950.0883,-5.161,-53.45,-77.65,24.18
p1,1764321950.0898,-6.762,-51.8,-79.02,27.21
p1,1764321950.1106,-5.6,-49.7,-77.51,27.8
p1,1764321950.1123,-7.737,-47.2,-78.6,31.39
p1,1764321950.1343,-5.934,-41.72,-79.19,37.46
p1,1764321950.1346,-5.992,-42.24,-77.4,35.16
p1,1764321950.1551,1.032,-42.22,-53.12,10.53
p1,1764321950.1556,-5.94,-43.22,-77.08,33.85
p1,1764321950.1563,7.09,-42.71,-78.54,35.83
p1,1764321950.1793,7.468,-54.04,-78.62,24.57
p1,1764321950.2013,-0.9792,-45.44,-52.97,6.684
p1,1764321950.2218,4.321,-54.62,-77.61,22.96
p1,1764321950.2226,-4.347,-55.94,-78.53,22.56
p1,1764321950.2448,4.732,-47.57,-77.28,29.7
p1,1764321950.2451,4.917,-47.62,-78.33,30.71
p1,1764321950.2663,7.56,-59.19,-79.04,19.8
p1,1764321950.2676,-5.007,-62.14,-77.58,15.32
p1,1764321950.2878,2.205,-43.37,-77.88,34.51
p1,1764321950.2888,4.366,-46.65,-78.77,32.12
p1,1764321950.2893,1.847,-39.94,-53.07,12.91
p1,1764321950.3093,-1.683,-38.78,-53.13,14.19
p1,1764321950.3098,7.826,-39.95,-79.33,39.39
p1,1764321950.3113,-2.202,-39.89,-77.36,37.46
p1,1764321950.3321,-7.8,-60.57,-78.76,18.13
p1,1764321950.3328,3.476,-62.94,-77.66,14.57
p1,1764321950.3541,-5.969,-51.88,-77.55,25.66
p1,1764321950.3546,-5.834,-51.52,-78.93,27.4
p1,1764321950.3743,-5.496,-42.46,-79.21,36.75
p1,1764321950.3961,1.652,-46.13,-53.19,6.111
p1,1764321950.3976,2.44,-48.84,-77.48,28.63
p1,1764321950.3978,-7.601,-48.13,-78.63,30.5
p1,1764321950.4193,-7.31,-47.96,-78.03,30.06
p1,1764321950.4393,-3.078,-40.84,-77.05,36.21
p1,1764321950.4408,4.133,-41.57,-78.08,36.51
p1,1764321950.4413,-1.809,-39.87,-53.09,13.01
p1,1764321950.4618,6.868,-37.84,-78.15,40.31
p1,1764321950.4621,5.6,-39.53,-77.97,38.44
p1,1764321950.4828,-7.6,-56.04,-78.42,22.35
p1,1764321950.4838,2.218,-51.73,-77.92,26.18
p1,1764321950.5036,-5.864,-41.15,-77.8,36.64
p1,1764321950.5046,-6.374,-40.04,-79,38.95
p1,1764321950.5251,-1.697,-43.26,-53.22,9.491
p1,1764321950.5268,-2.152,-47.38,-78.13,30.75
p1,1764321950.5463,-7.075,-57.64,-78.2,20.53
p1,1764321950.5466,3.086,-56.53,-77.87,21.31
p1,1764321950.5691,3.858,-50.56,-78.53,27.97
p1,1764321950.5693,3.854,-49.44,-77.57,28.13
p1,1764321950.5901,1.988,-42.68,-53.1,10.01
p1,1764321950.5908,-4.211,-42.82,-77.59,34.76
p1,1764321950.6113,-7.766,-47.9,-78.64,30.73
p1,1764321950.6126,4.811,-48.79,-77.67,28.87
p1,1764321950.6336,-2.256,-50.75,-77.49,26.73
p1,1764321950.6338,-4.612,-52.36,-78.96,26.59
p1,1764321950.6543,-1.81,-51.15,-77.32,26.17
p1,1764321950.6548,-6.337,-50.4,-78.82,28.41
p1,1764321950.6761,5.904,-46.49,-79.12,32.62
p1,1764321950.6971,4.676,-56.05,-79.2,23.14
p1,1764321950.6976,5.567,-55.95,-78.01,22.03
p1,1764321950.7168,-7.6,-42.68,-78.23,35.54
p1,1764321950.7186,1.495,-42.56,-53.07,10.1
p1,1764321950.7376,-1.561,-46.11,-53.19,6.138
p1,1764321950.7378,-2.259,-48.39,-76.98,28.57
p1,1764321950.7396,-7.62,-48.37,-78.37,30
p1,1764321950.7596,5.6,-42.42,-77.06,34.64
p1,1764321950.7598,-7.6,-40.84,-78.32,37.47
p1,1764321950.7798,1.792,-42.88,-53.15,9.842
p1,1764321950.7811,3.764,-42.3,-77.37,35.07
p1,1764321950.7813,3.812,-43.93,-78.64,34.71
p1,1764321950.8006,1.542,-43.27,-53.18,9.443
p1,1764321950.8016,0.9681,-44.76,-77.33,32.57
p1,1764321950.8018,7.736,-45.35,-78.28,32.93
p1,1764321950.8221,-2.198,-44.29,-77.24,32.95
p1,1764321950.8236,-1.092,-43.53,-52.97,8.917
p1,1764321950.8428,-4.669,-54.3,-77.26,22.94
p1,1764321950.8438,-4.255,-55.36,-78.71,23.33
p1,1764321950.8638,-3.754,-51.35,-79.27,27.9
p1,1764321950.8641,-2.193,-48.85,-77.62,28.77
p1,1764321950.8653,1.745,-45.72,-53.05,6.442
p1,1764321950.8853,7.653,-46.7,-78.96,32.26
p1,1764321950.9051,-5.158,-42.57,-77.74,35.17
p1,1764321950.9071,-6.368,-41.54,-79.21,37.67
p1,1764321950.9261,7.6,-53.72,-78.9,25.17
p1,1764321950.9273,4.787,-56.5,-77.63,21.1
p1,1764321950.9466,-4.283,-56.29,-78.24,21.92
p1,1764321950.9481,-7.6,-55.2,-78.57,23.35
p1,1764321950.9688,3.649,-51.5,-77.88,26.38
p1,1764321950.9691,6.632,-51.88,-79.1,27.21
p1,1764321950.9888,-7.929,-53.83,-78.64,24.79
p1,1764321951.0080,2.674,-58.38,-78.01,19.59
p1,1764321951.0306,-7.56,-50.32,-79.05,28.73
p1,1764321951.0501,3.228,-53.17,-79.32,26.14
p1,1764321951.0503,1.803,-50.81,-77.36,26.54
p1,1764321951.0696,-5.466,-48.46,-79.21,30.74
p1,1764321951.0713,-5.507,-48.62,-77.86,29.24
p1,1764321951.0908,-2.327,-53.62,-77.98,24.35
p1,1764321951.0913,-7.6,-55.05,-78.49,23.42
p1,1764321951.1103,4.84,-52.91,-78.02,25.09
p1,1764321951.1118,5.92,-52.4,-79.42,27.01
p1,1764321951.1313,4.68,-48.26,-79.42,31.15
p1,1764321951.1318,4.741,-48.45,-77.78,29.32
p1,1764321951.1506,1.569,-43.79,-53.13,8.801
p1,1764321951.1513,2.274,-47.44,-78.08,30.63
p1,1764321951.1708,7.6,-63.26,-78.87,15.49
p1,1764321951.1726,2.206,-58.48,-77.85,19.31
p1,1764321951.1918,5.159,-46.67,-78.04,31.37
p1,1764321951.1928,5.047,-46.54,-79.21,32.67
p1,1764321951.2116,-7.019,-60.68,-79.25,18.51
p1,1764321951.2123,-5.772,-62.87,-78.07,15.07
p1,1764321951.2338,6.272,-45.67,-79.27,33.59
p1,1764321951.2521,-7.053,-51.65,-78.49,26.83
p1,1764321951.2533,-5.6,-52.26,-77.55,25.27
p1,1764321951.2728,-7.6,-54.19,-79.35,25.15
p1,1764321951.2741,5.6,-55.35,-77.93,22.56
p1,1764321951.2926,1.624,-49.68,-77.63,27.95
p1,1764321951.2946,-4.349,-52.41,-78.94,26.53
p1,1764321951.3141,7.894,-45.95,-78.85,32.9
p1,1764321951.3148,-0.9567,-45.65,-53.01,6.485
p1,1764321951.3331,2.309,-50.78,-77.06,26.27
p1,1764321951.3346,-3.832,-52.79,-78.81,26.01
p1,1764321951.3548,6.77,-65.77,-78.73,12.74
p1,1764321951.3738,-2.831,-56.62,-77.95,21.29
p1,1764321951.3936,3.908,-55.84,-78.6,22.74
p1,1764321951.3938,3.91,-56,-77.58,21.56
G,1764321958,13.06908,-16.747466667,17.5
C,1764321960.005,4,0
C,1764321980.007,5,0
C,1764322000.004,4,0
G,1764322018,13.069078333,-16.747465,17.5
C,1764322040.005,5,0
C,1764322060.004,4,0
G,1764322078,13.069076667,-16.747463333,17.4
C,1764322100.008,5,0
C,1764322120.005,4,0
G,1764322138,13.069076667,-16.747463333,17.5
C,1764322140.005,5,0
C,1764322160.005,4,0
p1,1764322191.8617,1.939,-68.92,-77.95,8.454
p1,1764322191.8632,7.077,-66.27,-79.93,13.48
p1,1764322191.9142,5.429,-68.26,-77.56,8.766
p1,1764322191.9147,-4.207,-71.58,-78.85,6.367
p1,1764322191.9602,4.705,-67.09,-77.98,10.52
p1,1764322191.9607,4.925,-67.36,-79.29,11.64
p1,1764322192.0094,5.6,-70.86,-78.3,6.572
p1,1764322192.0102,5.472,-69.93,-79.28,8.816
p1,1764322192.0659,4.183,-67.37,-79.37,11.72
p1,1764322192.0662,3.517,-66.69,-78.03,11.01
p1,1764322192.1172,3.527,-65.64,-78.17,12.28
p1,1764322192.1179,-6.644,-66.49,-79.28,12.56
p1,1764322192.1457,6.747,-54.56,-79.21,24.64
p1,1764322192.1692,-2.112,-63.88,-77.9,13.85
p1,1764322192.1699,-3.896,-66.16,-79.5,13.14
p1,1764322192.2184,4.139,-64.2,-79.27,14.94
p1,1764322192.2189,2.794,-63.05,-77.6,14.39
p1,1764322192.2677,7.013,-57.5,-79.27,21.74
p1,1764322192.3209,5.542,-63.39,-77.6,14.05
p1,1764322192.3212,5.52,-63.16,-79.58,16.32
p1,1764322192.3829,-7.496,-71.91,-79.88,7.215
p1,1764322192.3839,3.47,-71.08,-78.1,6.06
p1,1764322192.4599,-7.577,-61.35,-78.81,17.39
p1,1764322192.4602,1.243,-60.73,-77.95,17.14
p1,1764322192.5817,-2.31,-49.06,-78.13,29.07
p1,1764322192.5829,-4.268,-49.37,-78.73,29.36
p1,1764322192.9442,-7.166,-55.91,-79.14,23.21
p1,1764322192.9452,-4.281,-57.16,-78.86,21.67
p1,1764322193.1004,5.634,-65.66,-79.54,13.7
p1,1764322193.2337,6.763,-64.1,-78.72,14.48
p1,1764322193.2349,4.774,-64.33,-78.18,13.67
p1,1764322193.3177,-4.275,-55.97,-78.64,22.65
p1,1764322193.4194,-1.951,-64.35,-77.12,12.54
p1,1764322193.4204,7.6,-63.78,-78.62,14.69
p1,1764322193.4974,3.556,-59.13,-67.48,7.66
p1,1764322193.4982,7.557,-59.15,-67.56,7.728
p1,1764322193.5032,-7.412,-57.85,-68.78,10.57
p1,1764322193.6692,-6.326,-61.27,-79.96,18.64
p1,1764322193.6697,-2,-62.67,-78.38,15.59
p1,1764322193.7742,7.6,-54.62,-79.7,25.06
p1,1764322193.7747,5.6,-57.13,-77.84,20.67
p1,1764322193.8462,-4.733,-70.63,-78.15,6.672
p1,1764322193.8472,-4.641,-72.11,-79.1,6.021
p1,1764322193.9139,-3.904,-71.86,-79.78,7.164
p1,1764322193.9814,4.657,-66.04,-77.74,11.4
p1,1764322194.0604,-5.561,-62.1,-77.74,15.51
p1,1764322194.0609,-5.467,-61.81,-78.58,16.68
p1,1764322194.1177,2.027,-58.64,-78.2,19.51
p1,1764322194.1194,7.132,-58.54,-79.86,21.29
p1,1764322194.1719,2.705,-54.8,-78.38,23.56
p1,1764322194.1729,4.204,-56.98,-79.64,22.63
p1,1764322194.2214,2.012,-50.3,-77.31,27
p1,1764322194.2224,4.644,-50.9,-79.27,28.37
p1,1764322194.2724,2.66,-68.91,-77.6,8.063
p1,1764322194.2727,7.542,-67.6,-78.89,10.96
p1,1764322194.3224,-3.546,-59.86,-79.17,19.26
p1,1764322194.3227,-3.796,-59.88,-77.85,17.9
p1,1764322194.3717,7.034,-68.26,-80.2,11.65
p1,1764322194.3739,-2.716,-68.08,-77.43,8.823
p1,1764322194.4172,6.817,-54.4,-79.03,24.62
p1,1764322194.4192,3.452,-55.6,-77.74,22.12
p1,1764322194.4639,-1.991,-58.81,-78.34,19.49
p1,1764322194.5052,4.704,-66.51,-79.59,12.86
p1,1764322194.5062,-4.692,-66.1,-78.02,11.63
p1,1764322194.5490,7.647,-55.18,-79.42,24.22
p1,1764322194.5500,-2.285,-55.24,-78.03,22.77
p1,1764322194.5857,6.263,-60.34,-79.36,18.97
p1,1764322194.5862,-4.828,-61.75,-78.22,16.37
p1,1764322194.6209,4.403,-49.4,-77.78,28.37
p1,1764322194.6214,-5.99,-49.14,-79.06,29.92
p1,1764322194.6527,5.662,-63.72,-78.59,14.73
p1,1764322194.6529,5.605,-64.53,-77.59,12.85
p1,1764322194.7052,-6.706,-71.21,-78.9,6.887
p1,1764322194.7294,-4.318,-68.67,-78.1,8.91
p1,1764322194.7314,-7.401,-68.11,-79.71,11.29
p1,1764322194.7519,-5.882,-67.84,-79.14,10.96
p1,1764322194.7529,2.364,-69.55,-78.26,8.091
p1,1764322194.7739,-2.294,-60.36,-78.92,18.51
p1,1764322194.7754,7.708,-62.03,-79.63,17.52
p1,1764322194.7969,-5.911,-67.74,-77.15,8.883
p1,1764322194.7977,6.989,-68.13,-77.56,8.906
p1,1764322194.8142,-1.924,-64.07,-78.39,14.16
p1,1764322194.8144,-3.827,-66.4,-79.36,12.74
p1,1764322194.8314,5.233,-62.74,-78,15.13
p1,1764322194.8507,7.552,-70.68,-79.09,7.726
p1,1764322194.8682,6.987,-57.86,-79.12,21.23
p1,1764322194.8844,3.365,-50.48,-77.89,27.41
p1,1764322194.8849,3.821,-51.55,-79.26,27.7
p1,1764322194.9004,-1.785,-65.19,-77.56,12.11
p1,1764322194.9019,-7.555,-67.78,-79.29,11.19
p1,1764322194.9182,-7.6,-59.39,-79.15,19.72
p1,1764322194.9192,5.113,-61.24,-77.78,16.45
p1,1764322194.9347,5.531,-62.84,-78.22,15.25
p1,1764322194.9354,6.196,-62.26,-78.8,16.44
p1,1764322194.9532,6.99,-60.05,-79.53,19.44
p1,1764322194.9704,2.828,-57.04,-78.51,21.45
p1,1764322194.9707,3.158,-57.77,-79.24,21.44
p1,1764322194.9877,1.929,-54.31,-78,23.67
p1,1764322195.0062,3.332,-51.7,-78.46,26.76
p1,1764322195.0064,-2.809,-54.2,-79.4,25.19
p1,1764322195.0242,-2.373,-60.95,-78.04,17
p1,1764322195.0252,5.906,-60.78,-79.26,18.41
p1,1764322195.0422,5.97,-54.42,-78.08,23.64
p1,1764322195.0427,5.919,-52.93,-79.24,26.3
p1,1764322195.0604,-5.923,-58.26,-77.75,19.44
p1,1764322195.0607,7.24,-57.5,-79.37,21.85
p1,1764322195.0779,-3.923,-53.05,-77.87,24.8
p1,1764322195.0797,-4.303,-52.82,-79.3,26.48
p1,1764322195.0974,-6.635,-48.52,-78.98,30.46
p1,1764322195.1152,7.97,-69.63,-79.29,9.163
p1,1764322195.1339,1.975,-52.05,-77.19,25.13
p1,1764322195.1534,-5.799,-69.71,-78.21,7.843
p1,1764322195.1544,-6.335,-63.72,-79.53,15.69
p1,1764322195.1717,2.773,-64.56,-77.91,13.15
p1,1764322195.1719,-4.279,-65.15,-79.81,14.51
p1,1764322195.1912,3.591,-67.91,-77.88,9.507
p1,1764322195.1922,7.419,-61.15,-79.64,18.43
p1,1764322195.2100,-5.427,-58.54,-78.62,20.05
p1,1764322195.2117,-6.604,-57.95,-79.65,21.67
p1,1764322195.2290,-4.323,-61.43,-78.38,16.86
p1,1764322195.2309,5.069,-60.36,-79.61,19.2
p1,1764322195.2484,-3.219,-68.17,-78.48,9.896
p1,1764322195.2504,3.921,-68.37,-79.37,10.64
p1,1764322195.2877,5.042,-57.39,-79.04,21.62
p1,1764322195.2887,-1.521,-57.02,-77.89,20.83
p1,1764322195.3284,-6.526,-63.01,-79.26,16.15
p1,1764322195.3294,-4.273,-63.23,-77.5,14.11
p1,1764322195.3479,4.064,-59.71,-79.08,19.32
p1,1764322195.3492,2.615,-57.56,-77.73,20.13
p1,1764322195.3677,-5.563,-61.88,-78.34,16.36
p1,1764322195.3692,5.411,-62.98,-77.86,14.74
p1,1764322195.3884,-2.153,-65.4,-77.67,12
p1,1764322195.3899,-3.889,-67.02,-78.94,11.64
p1,1764322195.4102,1.801,-62.14,-77.86,15.61
p1,1764322195.4104,4.335,-63.41,-79.24,15.71
p1,1764322195.4299,2.776,-69.96,-78.01,7.304
p1,1764322195.4702,7.067,-63.73,-78.91,15.05
p1,1764322195.4717,2.751,-66.72,-77.89,10.83
p1,1764322195.4914,-6.354,-55.98,-79.54,23.54
p1,1764322195.5124,-3.614,-64.32,-79.32,14.86
p1,1764322195.5137,-3.428,-61.62,-78.18,16.47
p1,1764322195.5329,5.045,-61.18,-78.7,17.44
p1,1764322195.5332,1.882,-61.9,-78.23,16.23
p1,1764322195.5549,5.05,-63.34,-78.37,14.89
p1,1764322195.5559,6.684,-62.17,-78.92,16.65
p1,1764322195.5762,-2.192,-57.57,-78.21,20.6
p1,1764322195.5989,5.6,-58.93,-77.91,18.92
p1,1764322195.5992,5.861,-57.9,-79.01,21.08
p1,1764322195.6192,7.465,-57.75,-79.24,21.46
p1,1764322195.6212,5.529,-58.31,-78.38,20.04
p1,1764322195.6419,4.117,-69.06,-77.41,7.658
p1,1764322195.6427,-7.6,-69.83,-79.09,8.71
p1,1764322195.6649,-6.093,-60.52,-78.71,18.13
p1,1764322195.6867,1.912,-57.29,-77.99,20.67
p1,1764322195.7072,5.048,-65.66,-78.88,13.01
p1,1764322195.7299,-5.387,-59.13,-77.28,18.09
p1,1764322195.7312,-6.658,-57.91,-78.95,21
p1,1764322195.7522,-3.511,-61.24,-77.38,16.04
p1,1764322195.8204,5.872,-69,-78.99,9.533
p1,1764322195.8219,-2.653,-67.5,-77.69,9.748
p1,1764322195.8664,4.238,-65.72,-77.46,11.43
p1,1764322195.8667,4.271,-67.33,-78.83,11.18
p1,1764322195.9129,-5.435,-66.79,-77.9,10.76
p1,1764322195.9132,-7.047,-66.47,-79.22,12.51
p1,1764322196.1522,-2.393,-63.14,-77.5,14.19
p1,1764322196.1539,7.148,-63.37,-78.74,15.24
p1,1764322196.1779,-4.794,-56.72,-77.51,20.75
p1,1764322196.1787,7.386,-54.52,-78.66,24.12
p1,1764322196.2052,4.711,-56.88,-77.68,20.76
p1,1764322196.2057,-4.695,-57.39,-78.56,21.14
p1,1764322196.2309,-7.076,-65.82,-79.49,13.48
p1,1764322196.2317,-1.842,-65.03,-77.48,12.19
p1,1764322196.2594,4.287,-62.85,-79.28,16.33
p1,1764322196.2597,1.88,-61.23,-78.19,16.87
p1,1764322196.3462,-2.834,-60.66,-79.73,19.02
p1,1764322196.3464,-2.697,-55.62,-77.85,22.2
p1,1764322196.3737,-7.504,-57.35,-79.92,22.54
p1,1764322196.4052,-5.943,-54.83,-79.58,24.74
p1,1764322196.4352,5.6,-59.22,-77.65,18.36
p1,1764322196.4359,5.828,-58.82,-79.58,20.73
p1,1764322196.4692,5.272,-49.73,-78.86,29.13
p1,1764322196.5002,1.918,-62.7,-76.87,14
p1,1764322196.5022,3.894,-64.95,-77.62,12.43
p1,1764322196.5344,-2.296,-53.64,-76.83,23.16
p1,1764322196.5347,-3.806,-54.05,-79.26,25.2
p1,1764322196.5679,-2.257,-55.68,-77.27,21.56
p1,1764322196.5684,-6.539,-56.84,-78.68,21.82
p1,1764322196.6027,3.863,-47.33,-79.15,31.82
p1,1764322196.6029,-1.759,-47.35,-77.65,30.3
p1,1764322196.6352,3.859,-62.14,-79.13,16.9
p1,1764322196.6367,2.19,-62.78,-78.03,15.12
p1,1764322196.6707,-5.829,-57.41,-78.76,21.33
p1,1764322196.7047,4.463,-58.75,-78.98,20.19
p1,1764322196.7057,-4.733,-58.23,-78.16,19.89
p1,1764322196.7407,3.925,-58.23,-78.47,20.2
p1,1764322196.7732,6.273,-54.27,-79.58,25.29
p1,1764322196.7882,-6.224,-70.06,-79.5,8.915
p1,1764322196.7889,5.569,-70.16,-77.88,6.915
p1,1764322196.8079,5.594,-61.35,-78.04,16.59
p1,1764322196.8082,5.552,-62.44,-76.63,14.03
p1,1764322196.8377,2.155,-59.04,-77.63,18.54
p1,1764322196.8669,-4.696,-63.51,-77.49,13.81
p1,1764322196.8674,4.688,-64.6,-79.12,14.37
p1,1764322196.8939,-7.251,-52.33,-78.9,26.55
p1,1764322196.8957,2.594,-52.37,-78.22,25.83
p1,1764322196.9224,4.813,-54.97,-77.9,22.91
p1,1764322196.9227,7.912,-54.03,-79.86,25.82
p1,1764322196.9487,-6.985,-50.51,-78.81,28.29
p1,1764322196.9489,3.935,-51.34,-77.92,26.58
p1,1764322196.9764,-2.894,-60.91,-77.69,16.69
p1,1764322196.9767,-6.634,-60.33,-79.24,18.85
p1,1764322197.0279,6.654,-48.2,-79.72,31.52
p1,1764322197.0504,3.862,-69.52,-79.16,9.14
p1,1764322197.0512,-2.585,-67.47,-78.73,10.93
p1,1764322197.0754,6.7,-67.47,-79.31,11.54
p1,1764322197.0992,6.709,-71.99,-79.36,6.491
p1,1764322197.1894,4.821,-64.31,-78.42,13.95
p1,1764322197.1914,5.203,-63.17,-79.65,16.38
p1,1764322197.2332,-5.669,-56.72,-79.38,22.63
p1,1764322197.2339,-5.6,-58.2,-77.53,19.28
p1,1764322197.2557,5.086,-49.38,-78.2,28.81
p1,1764322197.2769,-1.814,-61.85,-78.62,16.68
p1,1764322197.2772,-7.128,-60.69,-79.43,18.68
p1,1764322197.2962,3.52,-62.57,-78.14,15.46
p1,1764322197.2982,-7.045,-61.22,-79.22,17.93
p1,1764322197.3179,4.171,-59.94,-79.47,19.49
p1,1764322197.3182,-2.536,-55.67,-78.47,22.78
p1,1764322197.3365,3.905,-60.5,-77.76,17.18
p1,1764322197.3377,3.715,-62.23,-79.62,17.31
p1,1764322197.3569,6.501,-58.78,-79.44,20.63
p1,1764322197.3759,-3.853,-64.64,-77.84,12.99
p1,1764322197.3764,7.569,-63.34,-79.69,16.25
p1,1764322197.3952,2.637,-60.91,-78.36,17.37
p1,1764322197.3954,7.511,-61.59,-79.8,18.14
p1,1764322197.4159,6.684,-60.47,-79.24,18.72
p1,1764322197.4162,4.147,-60.35,-77.57,17.13
p1,1764322197.4339,4.299,-64.4,-79.15,14.6
p1,1764322197.4342,1.752,-63.29,-77.23,13.76
p1,1764322197.4527,-5.625,-50.16,-77.71,27.54
p1,1764322197.4534,6.298,-47.96,-79.35,31.38
p1,1764322197.4719,5.887,-60.51,-79.69,19.12
p1,1764322197.4727,4.727,-61.18,-77.97,16.69
p1,1764322197.4904,-6.217,-53.03,-79.64,26.6
p1,1764322197.4914,-5.119,-54.71,-77.81,23.08
p1,1764322197.5092,-5.892,-60.93,-77.77,16.75
p1,1764322197.5094,-5.833,-60.87,-79.33,18.4
p1,1764322197.5452,7.037,-66.44,-79.33,12.66
p1,1764322197.5454,4.716,-69.47,-77.94,7.803
p1,1764322197.5622,-7.123,-58.88,-79.54,20.62
p1,1764322197.5809,5.6,-56.37,-77.5,21.1
p1,1764322197.5817,7.04,-54.21,-79.42,25.2
p1,1764322197.5989,-5.947,-64.67,-79.28,14.46
p1,1764322197.5994,4.434,-64.3,-78.22,13.74
p1,1764322197.6152,5.123,-55.27,-78.36,23.07
p1,1764322197.6154,5.147,-54.75,-79.04,24.27
p1,1764322197.6337,6.724,-57.53,-79.43,21.87
p1,1764322197.6342,5.636,-60.4,-78.37,17.9
p1,1764322197.6494,4.614,-68.29,-79.29,10.64
p1,1764322197.6512,-2.616,-68.83,-78.01,8.621
p1,1764322197.6662,2.626,-69.36,-78.16,8.194
p1,1764322197.6682,7.281,-68.37,-79.03,10.27
p1,1764322197.6829,-3.858,-69.15,-79.02,9.402
p1,1764322197.6832,1.855,-69.03,-77.95,8.319
p1,1764322197.7014,5.393,-61.88,-78.98,17.01
p1,1764322197.7172,-2.246,-52.52,-77.95,25.42
p1,1764322197.7177,7.469,-52.42,-78.97,26.55
p1,1764322197.7337,5.62,-59.77,-78.12,18.29
p1,1764322197.7349,-5.144,-59.13,-78.96,19.78
p1,1764322197.7515,4.613,-54.02,-78.42,24.38
p1,1764322197.7520,4.575,-54.24,-78.88,24.62
p1,1764322197.7682,-1.578,-59.28,-78.31,18.97
p1,1764322197.7687,-6.303,-59.51,-78.99,19.43
p1,1764322197.7839,2.335,-58.23,-78.16,19.88
p1,1764322197.7844,-7.632,-58.63,-78.69,20.02
p1,1764322197.8027,3.661,-52.42,-78.16,25.73
p1,1764322197.8032,4.686,-53.75,-78.37,24.61
p1,1764322197.8187,3.612,-47.32,-78.16,30.83
p1,1764322197.8374,5.831,-57.68,-78.93,21.21
p1,1764322197.8379,4.645,-57.85,-77.71,19.81
p1,1764322197.8542,1.95,-53.02,-77.51,24.47
p1,1764322197.8729,-7.846,-54.41,-79.06,24.64
p1,1764322197.8912,3.481,-51.55,-77.91,26.35
p1,1764322197.8919,4.431,-53.88,-79.17,25.28
p1,1764322197.9094,-4.189,-58.91,-79.09,20.14
p1,1764322197.9097,2.322,-56.89,-77.89,20.97
p1,1764322197.9282,-1.715,-61.73,-78.57,16.75
p1,1764322197.9489,-7.43,-68.07,-79,10.56
p1,1764322197.9494,4.267,-68.44,-77.47,8.442
p1,1764322197.9679,7.993,-56.37,-79.42,23.02
p1,1764322197.9689,-4.612,-56.9,-78.17,21.24
p1,1764322197.9887,6.563,-50.32,-78.72,28.39
p1,1764322198.0102,5.888,-66.98,-79,11.74
p1,1764322198.0312,4.345,-59.56,-77.33,17.7
p1,1764322198.0317,-7.6,-58.84,-79.03,20.15
p1,1764322198.0529,7.502,-54.19,-79.15,24.95
p1,1764322198.0547,-4.986,-54.78,-77.65,22.85
p1,1764322198.0777,-6.286,-51.48,-79.15,27.66
p1,1764322198.1302,-3.468,-67.49,-77.44,9.493
p1,1764322198.1314,-4.625,-68.51,-79.31,10.42
p1,1764322198.1577,-2.827,-57.06,-77.98,20.89
p1,1764322198.1589,-7.453,-56.89,-79.19,22.28
p1,1764322198.1877,-4.376,-58.23,-77.98,19.7
p1,1764322198.1892,-6.061,-57.97,-79.83,21.84
p1,1764322198.2169,7.065,-55.05,-79.25,24.19
p1,1764322198.2452,1.779,-55.18,-77.57,22.36
p1,1764322198.2454,-7.6,-53.3,-79.05,25.74
p1,1764322198.2709,4.724,-62.47,-78.84,16.27
p1,1764322198.2724,-2.18,-61.46,-77.41,15.84
p1,1764322198.2977,2.716,-50.44,-77.54,27.09
p1,1764322198.2987,4.144,-51.59,-78.23,26.64
p1,1764322198.3249,-3.807,-53.77,-77.91,24.12
p1,1764322198.3512,3.294,-52.3,-77.14,24.82
p1,1764322198.3739,-4.67,-65.06,-78.05,12.76
p1,1764322198.3747,7.92,-65.82,-78.9,12.87
p1,1764322198.4002,4.313,-55.48,-78,22.5
p1,1764322198.4007,4.287,-56.98,-78.95,21.94
p1,1764322198.4242,-3.887,-56.22,-78.76,22.52
p1,1764322198.4245,1.934,-56.12,-78.48,22.34
p1,1764322198.5409,7.033,-66.26,-79.49,13.03
p1,1764322198.5412,-4.672,-69.45,-77.78,7.636
p1,1764322198.5619,-6.553,-62.65,-79.09,16.34
p1,1764322198.5627,-2.919,-62.76,-77.82,14.92
p1,1764322198.6072,-7.6,-63.58,-78.85,15.14
p1,1764322198.6080,-3.098,-66.57,-77.88,10.98
p1,1764322198.6292,-2.549,-60.33,-79.28,18.89
p1,1764322198.6299,-2.66,-55.51,-78.24,22.7
p1,1764322198.6507,5.6,-65.92,-78.17,11.98
p1,1764322198.6509,5.945,-61.48,-79.2,17.64
p1,1764322198.6729,-4.211,-57.37,-77.8,20.39
p1,1764322198.6932,6.933,-64.03,-79,14.83
p1,1764322198.6939,-3.084,-65.62,-78.06,12.18
p1,1764322198.7154,5,-62.47,-79.35,16.79
p1,1764322198.7352,3.547,-60.13,-79.41,19.23
p1,1764322198.7354,2,-59.29,-78.18,18.83
p1,1764322198.7567,-7.491,-62.12,-78.77,16.55
p1,1764322198.7572,5.6,-66.75,-77.2,10.03
p1,1764322198.7774,-7.6,-66.49,-78.93,12.19
p1,1764322198.7989,-6.726,-67.72,-79.25,11.21
p1,1764322198.7992,2.438,-68.14,-78.52,9.965
p1,1764322198.8182,6.652,-68.59,-80.03,11.11
p1,1764322198.8184,-4.795,-69.29,-78.61,8.784
p1,1764322198.8394,-5.97,-63.71,-79.21,15.38
p1,1764322198.8604,6.686,-71,-78.75,6.959
p1,1764322198.8827,4.392,-56.39,-78.09,21.67
p1,1764322198.9027,2.048,-65.92,-77.87,11.66
p1,1764322198.9234,-6.888,-61.97,-79,16.95
G,1764322198,13.069075,-16.747461667,17.4
p1,1764322198.9427,-3.323,-64.36,-78.09,13.54
p1,1764322198.9434,-4.131,-65.79,-79.1,13.1
p1,1764322198.9634,-6.612,-55.96,-78.82,22.84
p1,1764322198.9644,-5.926,-57.18,-77.71,20.49
p1,1764322198.9829,-3.001,-59.99,-77.85,17.79
p1,1764322198.9832,-3.907,-61.38,-79.14,17.69
p1,1764322199.0032,2.711,-60.46,-77.96,17.42
p1,1764322199.0237,-5.125,-69.07,-79.52,10.03
p1,1764322199.0242,-2.402,-68.8,-78.01,8.657
p1,1764322199.0447,7.6,-68.59,-79.47,10.52
p1,1764322199.0644,-4.291,-62.59,-78.07,15.35
p1,1764322199.0647,-4.293,-61.2,-79.27,18
p1,1764322199.0842,-7.238,-60.23,-79.15,18.87
p1,1764322199.0844,-2.313,-60.49,-78.37,17.81
p1,1764322199.1022,3.132,-61.45,-77.51,15.96
p1,1764322199.1027,-4.254,-63.12,-79.05,15.83
p1,1764322199.1232,7.6,-55.75,-78.87,23.1
p1,1764322199.1412,7.05,-49.28,-79.02,29.74
p1,1764322199.1424,-5.868,-51.16,-77.73,26.57
p1,1764322199.1597,7.461,-64.58,-79.49,14.78
p1,1764322199.1609,1.582,-64.4,-77.57,12.95
p1,1764322199.1807,-2.753,-62.71,-77.77,14.93
p1,1764322199.1989,5.021,-69.59,-78.33,8.116
p1,1764322199.2179,1.762,-66.03,-78.22,11.92
p1,1764322199.2367,2.793,-50.24,-77.94,27.69
p1,1764322199.2372,4.222,-54.99,-78.79,23.78
p1,1764322199.2537,3.892,-60.09,-78.6,18.44
p1,1764322199.2544,5.175,-60.59,-78.19,17.53
p1,1764322199.2739,-5.278,-57.84,-78.96,21.08
p1,1764322199.2744,2.055,-55.45,-77.7,22.22
p1,1764322199.2922,-2.188,-56.93,-77.73,20.77
p1,1764322199.2924,6.734,-57.61,-79.04,21.41
p1,1764322199.3092,-2.269,-50.58,-76.35,25.76
p1,1764322199.3107,4.13,-50.71,-77.03,26.3
p1,1764322199.3277,4.837,-58.2,-77.91,19.67
p1,1764322199.3279,-7.769,-56.14,-78.41,22.24
p1,1764322199.3457,5.501,-59.46,-75.78,16.22
p1,1764322199.3472,6.344,-59.23,-76.62,17.31
p1,1764322199.3647,7.496,-59.86,-79.3,19.39
p1,1764322199.3827,-5.468,-58.94,-79.27,20.28
p1,1764322199.3829,-5.458,-59.83,-77.73,17.84
p1,1764322199.4004,-4.376,-66.88,-77.72,10.47
p1,1764322199.4007,-4.404,-67.49,-79.06,11.25
p1,1764322199.4184,-4.508,-66.56,-78.72,11.88
p1,1764322199.4187,-1.506,-64.19,-77.72,13.34
p1,1764322199.4364,-7.055,-62.99,-78.74,15.64
p1,1764322199.4374,-4.734,-63.82,-77.81,13.82
p1,1764322199.4552,-5.133,-55.2,-77.87,22.64
p1,1764322199.4564,-3.778,-55.44,-79.03,23.57
p1,1764322199.4747,7.6,-59.12,-78.98,19.82
p1,1764322199.4759,5.818,-59.89,-77.91,17.94
p1,1764322199.4937,7.485,-58.04,-78.61,20.53
p1,1764322199.4942,4.719,-58.98,-77.97,18.94
p1,1764322199.5129,5.141,-60.11,-77.71,17.52
p1,1764322199.5339,-2.625,-48.54,-78.53,29.99
p1,1764322199.5342,7.252,-48.57,-78.64,30.07
p1,1764322199.5527,5.173,-64.84,-78.24,13.2
p1,1764322199.5537,7.874,-57.77,-79.3,21.5
p1,1764322199.5727,-5.022,-58.83,-79.13,20.27
p1,1764322199.5737,-5.899,-59.15,-77.87,18.66
p1,1764322199.5922,7.492,-61.59,-78.99,17.32
p1,1764322199.5939,5.087,-62.16,-77.61,15.33
p1,1764322199.6132,4.153,-65.04,-79.01,13.79
p1,1764322199.6142,2.582,-63.95,-77.44,13.29
p1,1764322199.6327,-5.066,-57.61,-78.88,21.23
p1,1764322199.6334,-3.994,-56.3,-77.75,21.41
p1,1764322199.6537,3.929,-49.93,-78.37,28.43
p1,1764322199.6737,-5.477,-62.06,-78,15.83
p1,1764322199.6754,6.509,-60.7,-79.15,18.38
p1,1764322199.6954,1.755,-52.52,-77.03,24.5
p1,1764322199.7152,5.114,-60.41,-79.17,18.7
p1,1764322199.7164,2.773,-58.53,-77.81,19.23
p1,1764322199.7592,-7.137,-66.23,-78.98,12.51
p1,1764322199.7799,-2.764,-56.61,-77.4,20.75
p1,1764322199.7804,-4.65,-59.88,-78.77,18.84
p1,1764322199.7999,-2.634,-63.26,-77.97,14.56
p1,1764322199.8002,-7.271,-63.5,-79.38,15.76
p1,1764322199.8219,5.157,-60.27,-79.24,18.91
p1,1764322199.8229,3.953,-60.57,-77.96,17.31
p1,1764322199.8424,7.476,-56.66,-79.17,22.48
p1,1764322199.8434,5.943,-57.38,-78.21,20.79
p1,1764322199.9299,2.921,-60.07,-77.8,17.65
p1,1764322199.9302,3.842,-60.65,-79.82,19.12
p1,1764322199.9507,4.792,-62.81,-77.74,14.79
p1,1764322199.9509,-5.8,-61.37,-79.6,18.17
C,1764322200.004,5,0
p1,1764322199.9729,2.127,-56.93,-78.2,21.24
p1,1764322199.9739,4.253,-58.28,-79.65,21.34
p1,1764322200.0594,5.091,-65.06,-77.95,12.66
p1,1764322200.0602,7.3,-64.15,-79.7,15.44
p1,1764322200.0809,-1.78,-60.67,-78.08,17.33
p1,1764322200.0822,-5.153,-60.36,-79.61,19.19
p1,1764322200.1259,-7.877,-52.86,-79.6,26.73
p1,1764322200.1264,-5.954,-56.37,-77.99,21.59
p1,1764322200.1467,7.51,-58.14,-79.34,21.17
p1,1764322200.1472,-5.6,-60.3,-78.32,17.95
p1,1764322200.1687,2.366,-60.17,-77.18,16.92
p1,1764322200.1694,3.847,-65.3,-79.38,13.91
p1,1764322200.1919,-2.469,-62.74,-78.01,15.13
p1,1764322200.1922,7.123,-62.32,-79.38,16.97
p1,1764322200.2134,6.774,-60.33,-79.13,18.74
p1,1764322200.2139,4.676,-61.64,-77.58,15.83
p1,1764322200.2334,2.302,-66.47,-78.23,11.46
p1,1764322200.2787,1.885,-55.81,-78.31,22.48
p1,1764322200.2789,-3.688,-62.4,-79.53,17.05
p1,1764322200.2999,2.303,-58.21,-78.23,19.98
p1,1764322200.3004,3.829,-63.6,-79.58,15.88
p1,1764322200.3212,5.911,-58.48,-78.07,19.55
p1,1764322200.3219,5.467,-58.14,-79.6,21.43
p1,1764322200.3419,-3.084,-59.21,-77.76,18.48
p1,1764322200.3432,-3.575,-59.81,-79.37,19.52
p1,1764322200.3857,-4.04,-66.36,-78.89,12.28
p1,1764322200.3872,-3.397,-64.83,-78.02,12.97
p1,1764322200.4072,-6.691,-62.52,-78.6,15.97
p1,1764322200.4084,5.656,-63.17,-78.1,14.79
p1,1764322200.4507,-3.528,-55.61,-77.6,21.97
p1,1764322200.4517,-3.718,-58.95,-79.15,20.15
p1,1764322200.4734,-7.951,-65.48,-79.05,13.37
p1,1764322200.4737,-5.053,-66.72,-77.45,10.35
p1,1764322200.4942,3.539,-59.18,-77.66,18.42
p1,1764322200.4959,7.494,-58.91,-78.53,19.57
p1,1764322200.5167,-7.521,-61.21,-79.03,17.75
p1,1764322200.5382,-5.216,-54.73,-78.01,23.27
p1,1764322200.5384,-6.64,-53.99,-79.68,25.68
p1,1764322200.5599,-7.12,-63.72,-79.5,15.65
p1,1764322200.5822,-6.502,-67.75,-79.35,11.29
p1,1764322200.5827,-4.25,-66.59,-77.77,10.83
p1,1764322200.6252,-6.176,-58.83,-78.83,19.95
p1,1764322200.6272,-2.657,-60.12,-77.81,17.62
p1,1764322200.6472,5.608,-60.38,-79.23,18.79
p1,1764322200.6492,2.741,-59.3,-78.02,18.66
p1,1764322200.6697,-7.391,-55.65,-79.29,23.63
p1,1764322200.6707,-5.879,-56.58,-78.12,21.51
p1,1764322200.6927,7.685,-51.93,-79.08,27.14
p1,1764322200.7134,6.803,-64.77,-79.1,14.17
p1,1764322200.7144,1.836,-64.43,-77.7,13.07
p1,1764322200.7359,-4.049,-51.9,-79.35,27.44
p1,1764322200.7362,-2.292,-51.3,-77.59,26.27
p1,1764322200.7564,6.367,-67.07,-79.45,12.12
p1,1764322200.7792,0.9199,-58.5,-78.16,19.61
p1,1764322200.7999,-5.145,-55.54,-78.4,22.84
p1,1764322200.8002,-5.218,-57.38,-77.77,20.34
p1,1764322200.8224,3.763,-51.01,-80.08,29.06
p1,1764322200.8234,3.861,-49.76,-77.88,28.11
p1,1764322200.8452,-4.76,-50.65,-79.67,29.02
p1,1764322200.8457,-4.851,-49.78,-78.12,28.33
p1,1764322200.8662,-6.753,-44.34,-79.22,34.88
p1,1764322200.8669,-3.6,-45.67,-53.11,6.577
p1,1764322200.9329,7.136,-56.59,-78.76,22.14
p1,1764322200.9342,5.431,-57.55,-78.02,20.43
p1,1764322200.9562,4.869,-62.57,-79.45,16.8
p1,1764322200.9564,4.908,-61.52,-78.42,16.8
p1,1764322200.9789,-2.839,-59.3,-78.06,18.7
p1,1764322200.9792,5.653,-58.83,-79.15,20.28
p1,1764322200.9999,-3.898,-58.09,-79.39,21.27
p1,1764322201.0014,-3.587,-57.18,-77.72,20.5
p1,1764322201.0227,-3.174,-46.4,-77.78,31.37
p1,1764322201.0237,-3.502,-47.33,-79.35,32.01
p1,1764322201.0467,-7.075,-56.36,-79.21,22.83
p1,1764322201.0469,1.946,-56.35,-77.72,21.33
p1,1764322201.0692,-3.241,-60.62,-79.25,18.56
p1,1764322201.0697,-3.548,-59.69,-78,18.25
p1,1764322201.0919,-5.885,-61.35,-77.77,16.32
p1,1764322201.0927,-5.849,-61.1,-78.85,17.68
p1,1764322201.1139,4.295,-63.03,-77.45,14.26
p1,1764322201.1154,5.423,-62.5,-79.3,16.7
p1,1764322201.1837,5.093,-64.27,-78.02,13.56
p1,1764322201.2067,-5.09,-60.75,-79.37,18.56
p1,1764322201.2072,-1.744,-59.9,-77.53,17.56
p1,1764322201.2299,-4.222,-68.9,-77.94,8.461
p1,1764322201.2302,-4.38,-68.06,-78.81,10.37
p1,1764322201.3237,5.486,-68.94,-77.66,8.09
p1,1764322201.4419,-5.608,-69.75,-79.02,8.73
p1,1764322201.6347,-3.759,-70.13,-77.92,6.994
p1,1764322201.6364,4.991,-70.87,-78.96,7.362
p1,1764322201.6607,7.984,-49.96,-78.71,28.75
p1,1764322201.7122,-7.407,-68.36,-78.09,9.242
p1,1764322201.7132,2.426,-68.98,-77.18,7.492
p1,1764322201.7647,4.02,-51.39,-79,27.6
p1,1764322201.7652,4.006,-50.24,-78.43,28.18
p1,1764322201.8169,-4.215,-54.22,-78.47,24.24
p1,1764322201.8174,-4.252,-54.41,-79.69,25.26
p1,1764322202.0029,2.848,-69.11,-77.87,8.145
p1,1764322202.0312,7.103,-59.56,-79.2,19.59
p1,1764322202.0324,2.24,-62.85,-77.96,14.97
p1,1764322202.0592,6.061,-67.56,-79.16,11.29
p1,1764322202.0599,-3.929,-67.82,-77.8,9.521
p1,1764322202.1977,5.488,-71.02,-79.7,8.055
p1,1764322202.1982,5.55,-70.62,-77.66,6.079
p1,1764322202.3082,-4.289,-71.79,-79.41,6.797
p1,1764322202.4229,-7.787,-71.62,-79.02,6.526
p1,1764322202.4232,-3.224,-70.25,-77.85,6.763
p1,1764322202.4807,-7.6,-69.69,-79.34,9.154
p1,1764322202.4809,-1.731,-68.28,-78.13,9.382
p1,1764322202.5082,-4.312,-62.35,-78.79,16.35
p1,1764322202.5084,3.555,-60.53,-78.05,17.44
p1,1764322202.5384,-4.854,-64.94,-79.39,14.29
p1,1764322202.5397,-4.139,-64.44,-78,13.35
p1,1764322202.5964,-5.217,-51.9,-78.78,26.86
p1,1764322202.5977,-5.355,-52.1,-77.98,25.87
p1,1764322202.6254,2.873,-70.87,-78.99,7.398
p1,1764322202.6272,-2.324,-63.33,-77.61,14.12
p1,1764322202.6559,2.938,-59.33,-77.09,17.69
p1,1764322202.6562,3.652,-61.31,-78.52,17.13
p1,1764322202.6852,-3.864,-64.4,-79,14.45
p1,1764322202.6869,1.926,-64.01,-77.8,13.6
p1,1764322202.7157,4.392,-59.74,-77.76,17.95
p1,1764322202.7174,5.057,-59.65,-79.1,19.39
p1,1764322202.7474,7.037,-62.22,-78.72,16.4
p1,1764322202.7777,-7.225,-62.98,-79.01,15.92
p1,1764322202.8084,-2.784,-61.49,-78.17,16.59
p1,1764322202.8377,-4.626,-64.61,-78.17,13.37
p1,1764322202.8384,7.6,-62.74,-79.55,16.72
p1,1764322202.8699,-2.504,-58.4,-77.72,19.27
p1,1764322202.8997,7.166,-58.29,-78.9,20.57
p1,1764322202.9002,-5.6,-60.68,-77.9,17.14
p1,1764322202.9304,3.702,-65.64,-77.92,12.01
p1,1764322202.9314,-1.629,-64.09,-76.89,12.56
p1,1764322202.9639,7.558,-55.03,-78.7,23.66
p1,1764322202.9934,6.87,-65.91,-79.36,13.25
p1,1764322202.9939,-1.152,-64.91,-77.82,12.68
p1,1764322203.0237,-5.548,-61.27,-79.72,18.39
p1,1764322203.0247,-2.174,-61.26,-77.97,16.62
p1,1764322203.0557,-3.887,-69.76,-79.49,9.235
p1,1764322203.0562,-2.237,-66.51,-77.8,10.96
p1,1764322203.0859,-5.849,-59.59,-78.77,19.13
p1,1764322203.0879,2.671,-58.87,-77.34,18.41
p1,1764322203.1164,3.138,-58.35,-78.18,19.78
p1,1764322203.1184,6.055,-57.69,-78.84,21.11
p1,1764322203.1484,6.088,-58.01,-79.15,21.11
p1,1764322203.1489,5.6,-59.45,-78.16,18.65
p1,1764322203.1789,4.826,-56.19,-78.23,22
p1,1764322203.2114,7.677,-65.61,-78.7,12.87
p1,1764322203.2117,-2.726,-66.8,-77.78,10.62
p1,1764322203.2417,2.287,-69.04,-77.95,8.313
p1,1764322203.2422,-7.6,-67.08,-79.23,11.87
p1,1764322203.2742,-5.237,-56.46,-77.99,21.5
p1,1764322203.2747,-5.444,-56.31,-78.53,22.19
p1,1764322203.3049,6.618,-54.95,-79.07,24.1
p1,1764322203.3054,5.6,-58.15,-77.88,19.68
p1,1764322203.3364,3.327,-55.52,-78.27,22.73
p1,1764322203.3377,-3.764,-57.28,-79.05,21.74
p1,1764322203.3689,-2.664,-69.52,-77.96,7.76
p1,1764322203.3987,-5.101,-62,-77.66,15.53
p1,1764322203.4007,6.69,-61.74,-79.32,17.5
p1,1764322203.4294,-3.089,-62.73,-78.07,15.21
p1,1764322203.4629,-2.35,-61.79,-77.33,15.41
p1,1764322203.4919,5.487,-57.2,-78.06,20.81
p1,1764322203.4927,-7.6,-55.77,-79.73,23.94
p1,1764322203.5242,-5.152,-59.3,-77.71,18.35
p1,1764322203.5259,-6.323,-57.89,-79.56,21.64
p1,1764322203.5567,7.016,-64.11,-78.76,14.49
p1,1764322203.5864,4.283,-56.37,-78.51,22.12
p1,1764322203.5874,4.847,-56.95,-79.46,22.48
p1,1764322203.6167,-5.068,-67.98,-77.87,9.417
p1,1764322203.6184,-7.303,-65.32,-79.18,13.68
p1,1764322203.6484,2.629,-58.57,-77.28,18.66
p1,1764322203.6489,4.521,-58.94,-78.29,19.3
p1,1764322203.6807,-5.528,-61.76,-79.27,17.43
p1,1764322203.7412,-4.42,-60.56,-79.46,18.84
p1,1764322203.7417,5.393,-61.65,-77.47,15.71
p1,1764322203.7739,-5.823,-67.31,-78.26,10.58
p1,1764322203.7749,4.649,-68.2,-77.09,8.293
p1,1764322203.8039,-2.989,-63.05,-77.22,14
p1,1764322203.8057,-2.511,-66.77,-78.55,11.49
p1,1764322203.8352,5.07,-63.27,-77.55,14.12
p1,1764322203.8372,6.363,-61.18,-79.06,17.81
p1,1764322203.8657,-2.257,-65.09,-77.62,12.29
p1,1764322203.8677,7.102,-64.57,-79.23,14.52
p1,1764322203.8979,5.082,-63.77,-79.06,15.15
p1,1764322203.8992,2.23,-63.59,-78.35,14.61
p1,1764322203.9277,-5.531,-60.49,-78.1,17.54
p1,1764322203.9284,5.683,-59.79,-79.31,19.48
p1,1764322203.9592,-5.51,-59.49,-78.71,19.17
p1,1764322203.9604,4.595,-58.86,-78.5,19.6
p1,1764322203.9897,5.164,-59.49,-79.79,20.25
p1,1764322203.9907,3.833,-59.3,-77.72,18.36
p1,1764322204.0212,5.888,-57.53,-79.09,21.53
p1,1764322204.0219,-5.99,-58.8,-78.01,19.15
p1,1764322204.0509,5.477,-57.85,-78.89,21.01
p1,1764322204.0819,3.554,-58.55,-78.74,20.15
p1,1764322204.1124,4.735,-59.8,-79.01,19.16
p1,1764322204.1132,3.391,-59.87,-77.53,17.58
p1,1764322204.1452,-6.262,-70.96,-79.16,7.486
p1,1764322204.1747,2.234,-61.69,-77.37,15.56
p1,1764322204.1749,6.698,-61.47,-79.04,17.49
p1,1764322204.2047,-7.6,-61.58,-79.33,17.68
p1,1764322204.2049,2.384,-61.23,-78.52,17.21
p1,1764322204.2669,-5.002,-57.73,-77.95,20.18
p1,1764322204.2674,-5.139,-58.27,-78.71,20.4
p1,1764322204.2962,-5.004,-60.36,-77.88,17.44
p1,1764322204.2964,-7.585,-58.93,-79.09,20.12
p1,1764322204.3277,5.309,-68.53,-78.58,9.6
p1,1764322204.3292,1.926,-67.43,-77.69,9.836
p1,1764322204.3584,-4.251,-57.56,-79.15,21.56
p1,1764322204.3597,-4.358,-57.62,-77.64,19.97
p1,1764322204.3899,2.31,-53.29,-77.78,24.48
p1,1764322204.3902,4.33,-54.21,-78.52,24.3
p1,1764322204.4199,7.088,-63.43,-78.82,15.27
p1,1764322204.4204,1.802,-64.26,-77.82,13.37
p1,1764322204.4507,-4.301,-64.06,-78.17,13.94
p1,1764322204.4509,-4.309,-65.82,-79.14,13.11
p1,1764322204.4812,4.47,-62.92,-79.02,16
p1,1764322204.4817,2.319,-59.14,-77.46,18.25
p1,1764322204.5137,-1.607,-66.61,-77.88,10.93
p1,1764322204.5139,-7.948,-62.51,-79.07,16.46
p1,1764322204.5429,-4.744,-71.65,-78.87,6.302
p1,1764322204.5447,-2.695,-68.35,-78.05,9.207
p1,1764322204.5747,4.361,-59.24,-77.6,18.3
p1,1764322204.5754,4.259,-61.6,-79.19,17.51
p1,1764322204.6369,-7.615,-61.48,-78.61,17.05
p1,1764322204.6382,5.585,-61.95,-77.45,15.38
p1,1764322204.6669,5.797,-62.19,-79.29,17.02
p1,1764322204.6674,2.589,-61.52,-78.09,16.47
p1,1764322204.6984,-4.934,-58.66,-78.31,19.61
p1,1764322204.7002,-6.775,-56.6,-78.93,22.3
p1,1764322204.7289,6.651,-66.43,-78.68,11.99
p1,1764322204.7604,-3.501,-60.46,-78.31,17.78
p1,1764322204.7919,-6.249,-57.01,-78.98,21.94
p1,1764322204.7922,5.621,-58.86,-77.83,18.92
p1,1764322204.8212,-3.9,-58.37,-77.61,19.19
p1,1764322204.8229,7.728,-58.15,-79.2,21.02
p1,1764322204.8514,4.309,-69.08,-78.52,8.913
p1,1764322204.8517,4.317,-69.49,-77.92,7.756
p1,1764322204.8819,2.024,-56.42,-78.26,21.81
p1,1764322204.8824,6.214,-56.16,-79.4,23.22
p1,1764322204.9134,5.523,-63.88,-77.4,13.32
p1,1764322204.9427,3.455,-54.54,-78.31,23.75
p1,1764322204.9434,3.523,-56.28,-79.45,23.15
p1,1764322204.9727,-5.66,-55.56,-79.71,24.13
p1,1764322205.0029,5.636,-57.13,-77.94,20.78
p1,1764322205.0034,7.391,-55.26,-79.29,24.01
p1,1764322205.0339,-6.388,-57.69,-79.28,21.56
p1,1764322205.0627,6.256,-65.41,-78.86,13.25
p1,1764322205.0629,2.707,-64.69,-78.16,13.27
p1,1764322205.0927,-6.333,-64.42,-79.3,14.74
p1,1764322205.0934,1.459,-63.63,-78.14,14.35
p1,1764322205.1244,6.714,-60.91,-79.02,18.05
p1,1764322205.1247,-4.678,-61.49,-77.51,15.9
p1,1764322205.1534,-1.908,-57.94,-77.76,19.77
p1,1764322205.1552,-4.199,-60.85,-78.78,17.86
p1,1764322205.1859,-5.428,-61.51,-79.5,17.92
p1,1764322205.2144,-3.52,-64.64,-77.72,12.87
p1,1764322205.2157,-5.44,-62.65,-78.95,16.2
p1,1764322205.2452,-3.032,-62.11,-77.75,15.52
p1,1764322205.2464,-7.017,-63.81,-79.26,15.32
p1,1764322205.2759,-7.6,-60,-78.97,18.92
p1,1764322205.2762,-5.6,-60.62,-77.65,16.94
p1,1764322205.3067,-4.629,-60.56,-78.4,17.76
p1,1764322205.3079,-4.688,-59.92,-77.46,17.46
p1,1764322205.3367,4.369,-69.07,-78.91,9.364
p1,1764322205.3382,4.417,-69.36,-77.33,7.21
p1,1764322205.3677,-3.075,-59.33,-77.91,18.52
p1,1764322205.3692,-4.238,-62.85,-78.97,16.01
p1,1764322205.3994,7.67,-60.24,-79.31,19.02
p1,1764322205.3997,2.699,-61.26,-77.92,16.57
p1,1764322205.4302,-5.109,-55.62,-78.64,23
p1,1764322205.4304,-5.23,-55.06,-79.21,24.13
p1,1764322205.4592,-2.352,-62.54,-77.26,14.57
p1,1764322205.4907,-5.609,-60.55,-79.94,19.34
p1,1764322205.4914,5.595,-62.34,-78.24,15.79
p1,1764322205.5207,3.928,-60.81,-78.02,17.12
p1,1764322205.5224,-4.756,-62.8,-79.43,16.53
p1,1764322205.5527,-5.506,-64.09,-78.73,14.49
p1,1764322205.5532,-5.529,-66.8,-78.09,10.95
p1,1764322205.5829,-2.65,-51.63,-78.23,26.58
p1,1764322205.6152,-4.802,-55.49,-78.34,22.82
p1,1764322205.6154,-4.889,-56.02,-79.06,23.02
p1,1764322205.6457,-4.535,-67.9,-79.09,10.84
p1,1764322205.6472,-2.327,-65.39,-77.93,12.29
p1,1764322205.6777,-3.45,-70.82,-78.22,6.525
p1,1764322205.6782,-7.821,-68.93,-79.16,9.799
p1,1764322205.7074,7.511,-59.26,-79.31,20.01
p1,1764322205.7094,-4.74,-59.57,-78.21,18.58
p1,1764322205.7402,5.6,-58.28,-77.72,19.38
p1,1764322205.7404,-6.73,-53.88,-78.94,25.05
p1,1764322205.7694,7.083,-54.5,-79.06,24.54
p1,1764322205.8019,-3.801,-65.32,-78.45,12.92
p1,1764322205.8027,-6.39,-64.69,-79.83,15.01
p1,1764322205.8319,4.815,-60,-77.72,17.65
p1,1764322205.8329,4.419,-59.07,-79.7,20.59
p1,1764322205.8634,5.6,-55.52,-78.23,22.69
p1,1764322205.8639,6.082,-54.12,-79.15,25.01
p1,1764322205.8927,-1.799,-62.81,-77.3,14.32
p1,1764322205.9247,5.009,-60.24,-79.56,19.27
p1,1764322205.9254,4.991,-59.88,-78.46,18.52
p1,1764322205.9542,3.033,-59.17,-77.59,18.35
p1,1764322205.9544,6.846,-57.92,-79.14,21.19
p1,1764322205.9874,-7.474,-67.56,-78.49,10.57
p1,1764322206.0162,-3.924,-43.29,-78.89,35.59
p1,1764322206.0164,1.348,-42.92,-53.19,9.843
p1,1764322206.0477,-6.754,-53.89,-78.72,24.82
p1,1764322206.0489,2.333,-53.94,-77.31,23.35
p1,1764322206.0792,5.6,-61.93,-77.94,15.9
p1,1764322206.0804,6.987,-59.49,-79.1,19.56
p1,1764322206.1102,-7.119,-50.09,-78.66,28.57
p1,1764322206.1112,-5.6,-51.59,-77.97,26.37
p1,1764322206.1407,-5.516,-57.07,-78.46,21.36
p1,1764322206.1409,6.783,-56.81,-79.08,22.25
p1,1764322206.1719,7.094,-52.17,-78.78,26.6
p1,1764322206.1739,5.803,-54.29,-77.57,23.26
p1,1764322206.2029,7.077,-57.44,-79.16,21.69
p1,1764322206.2034,-1.53,-57.53,-77.23,19.66
p1,1764322206.2344,3.417,-48.83,-77.67,28.84
p1,1764322206.2347,-4.328,-49.47,-78.99,29.52
p1,1764322206.2657,-5.922,-48.12,-79.23,31.11
p1,1764322206.2659,-5.982,-48.31,-77.8,29.49
p1,1764322206.2969,-3.515,-57.73,-77.66,19.88
p1,1764322206.2972,-5.873,-57.59,-79.42,21.8
p1,1764322206.3274,-5.883,-60.5,-78.99,18.43
p1,1764322206.3289,-5.325,-61.88,-77.82,15.83
p1,1764322206.3592,-2.268,-59.31,-77.92,18.55
p1,1764322206.3602,-7.303,-59.75,-78.84,19.04
p1,1764322206.3902,4.995,-64.77,-77.5,12.49
p1,1764322206.3919,7.12,-63.78,-79.3,15.4
p1,1764322206.4229,-5.475,-59.85,-79.42,19.53
p1,1764322206.4232,-5.453,-60.13,-78.1,17.9
p1,1764322206.4534,7.468,-54.7,-79.72,25.01
p1,1764322206.4872,-2,-52.88,-78.12,25.23
p1,1764322206.4879,-4.296,-54.11,-79.55,25.42
p1,1764322206.5184,-7.992,-60.22,-79.19,18.91
p1,1764322206.5197,1.811,-61.12,-77.9,16.69
p1,1764322206.5524,3.225,-53.73,-77.94,24.19
p1,1764322206.5834,-6.737,-51.75,-78.76,27
p1,1764322206.5837,-5.648,-52.22,-77.98,25.76
p1,1764322206.6152,3.214,-53.34,-77.66,24.3
p1,1764322206.6169,-5.142,-53.87,-78.9,25.01
p1,1764322206.6464,2.912,-58.68,-78.2,19.47
p1,1764322206.6467,4.273,-58.93,-79.39,20.42
p1,1764322206.7097,5.6,-58.89,-77.91,18.97
p1,1764322206.7112,-6.445,-57,-79.25,22.23
p1,1764322206.7422,-5.594,-51.05,-77.94,26.88
p1,1764322206.7719,-1.643,-52.15,-77.43,25.27
p1,1764322206.7732,-6.346,-50.35,-78.56,28.2
p1,1764322206.8034,1.836,-55.93,-78.17,22.22
p1,1764322206.8042,-7.6,-56.37,-79.26,22.86
p1,1764322206.8359,-3.577,-49.54,-78.18,28.64
p1,1764322206.8662,-5.128,-54.65,-78.17,23.5
p1,1764322206.8679,7.144,-53.96,-79.4,25.43
p1,1764322206.8979,-2.277,-54.72,-77.26,22.52
p1,1764322206.8984,-4.204,-58.45,-78.92,20.44
p1,1764322206.9287,-7.06,-47.23,-79.17,31.94
p1,1764322206.9294,-5.6,-49.62,-77.99,28.37
p1,1764322206.9602,-4.25,-55.28,-79.74,24.45
p1,1764322206.9607,-1.827,-52.88,-78.13,25.23
p1,1764322206.9904,-4.306,-52.3,-78.9,26.59
p1,1764322206.9909,-3.535,-50.96,-78.28,27.31
p1,1764322207.0217,-3.538,-52.32,-77.83,25.49
p1,1764322207.0537,-3.323,-64.97,-78.14,12.96
p1,1764322207.0539,-7.592,-65.84,-78.7,12.63
p1,1764322207.0832,7.065,-54.6,-79.98,25.36
p1,1764322207.0834,-5.6,-55.96,-78.47,22.49
p1,1764322207.1149,2.692,-50.52,-77.59,27.06
p1,1764322207.1152,6,-51.56,-79.18,27.61
p1,1764322207.1469,4.954,-50.55,-79.05,28.49
p1,1764322207.1474,-4.399,-50.78,-77.73,26.95
p1,1764322207.1777,3.567,-46.35,-78.48,32.12
p1,1764322207.1789,4.199,-49.04,-79.52,30.47
p1,1764322207.2092,-7.964,-48.9,-78.9,29.99
p1,1764322207.2407,-5.491,-54.66,-79.25,24.58
p1,1764322207.2409,-5.442,-54.87,-77.89,23
p1,1764322207.2729,2.547,-55.78,-78.15,22.34
p1,1764322207.3029,-4.645,-51.63,-78.13,26.49
p1,1764322207.3047,-7.849,-50.41,-79.01,28.59
p1,1764322207.3334,6.373,-47.53,-79.33,31.8
p1,1764322207.3652,-7.993,-58.98,-78.56,19.53
p1,1764322207.3974,2.772,-59.43,-78.09,18.6
p1,1764322207.4277,5.908,-55.09,-77.59,22.48
p1,1764322207.4289,6.215,-52.84,-79.04,26.19
p1,1764322207.4579,5.936,-53.69,-78.95,25.25
p1,1764322207.4592,2.209,-52.73,-77.6,24.85
p1,1764322207.4909,-4.327,-54.38,-78.97,24.57
p1,1764322207.4914,-2.261,-52.23,-77.69,25.45
p1,1764322207.5224,-2.611,-56.89,-77.59,20.67
p1,1764322207.5527,-3.965,-52.74,-79.7,26.96
p1,1764322207.5534,-3.901,-51.86,-78.21,26.34
p1,1764322207.5834,5.6,-62.02,-78.43,16.31
p1,1764322207.5842,6.311,-60.71,-79.91,19.15
p1,1764322207.6137,7.6,-56.73,-79.24,22.48
p1,1764322207.6139,-1.875,-57.5,-77.82,20.28
p1,1764322207.6439,-5.149,-59.84,-79.14,19.25
p1,1764322207.6452,2.034,-56.01,-77.91,21.87
p1,1764322207.6744,6.212,-44.46,-78.8,34.35
p1,1764322207.6757,5.802,-45.19,-77.92,32.73
p1,1764322207.7044,-2.504,-52.01,-77.44,25.42
p1,1764322207.7057,6.65,-51.99,-78.77,26.77
p1,1764322207.7364,4.314,-54.38,-79.59,25.2
p1,1764322207.7369,4.359,-53.36,-77.7,24.33
p1,1764322207.7657,7.119,-51.95,-78.74,26.77
p1,1764322207.7659,5.934,-52.68,-77.77,25.07
p1,1764322207.7962,7.6,-54.67,-79.18,24.49
p1,1764322207.7977,1.973,-58.96,-77.69,18.67
p1,1764322207.8259,-4.9,-59.08,-79.3,20.18
p1,1764322207.8274,-2.255,-57.28,-78.1,20.79
p1,1764322207.8564,7.6,-64.87,-79.11,14.08
p1,1764322207.8582,-2.273,-67.02,-77.82,10.43
p1,1764322207.8862,7.572,-61.54,-79.19,17.58
p1,1764322207.8877,5.446,-64.47,-77.9,13.23
p1,1764322207.9179,6.622,-59.49,-79.51,19.98
p1,1764322207.9182,4.687,-60.36,-77.65,17.21
p1,1764322207.9467,4.904,-49.32,-77.83,28.5
p1,1764322207.9484,5.055,-49.17,-79.34,30.16
p1,1764322207.9782,-4.346,-46.41,-79.03,32.61
p1,1764322207.9784,-4.308,-46.44,-78.26,31.82
p1,1764322208.0094,7.126,-52.87,-79.08,26.2
p1,1764322208.0394,5.789,-52.53,-78.91,26.37
p1,1764322208.0404,5.517,-53.24,-78,24.75
p1,1764322208.0697,-6.438,-64.05,-79.4,15.22
p1,1764322208.0709,2.234,-66.97,-78.34,11.04
p1,1764322208.1002,4.613,-50.46,-78.23,27.77
p1,1764322208.1007,4.706,-51.15,-79.22,28.06
p1,1764322208.1302,-1.912,-57.14,-78.13,20.96
p1,1764322208.1312,6.759,-53.27,-79.36,26.08
p1,1764322208.1617,-3.85,-56.08,-79.4,23.3
p1,1764322208.1619,-3.917,-55.45,-77.6,22.12
p1,1764322208.1917,7.6,-54.99,-79.21,24.21
p1,1764322208.2229,-5.628,-48.7,-79.54,30.84
p1,1764322208.2239,-5.994,-48.94,-77.92,28.97
p1,1764322208.2524,2.677,-52.74,-77.74,24.99
p1,1764322208.2542,3.642,-53.3,-79.53,26.23
p1,1764322208.2839,-5.6,-53.17,-77.83,24.65
p1,1764322208.2849,7.696,-52.34,-79.19,26.83
p1,1764322208.3144,-4.317,-52.78,-78.97,26.18
p1,1764322208.3157,-1.779,-50.26,-77.56,27.29
p1,1764322208.3447,-1.194,-45.69,-53.15,6.602
p1,1764322208.3452,-4.291,-51.74,-79.45,27.7
p1,1764322208.3747,-5.922,-49.57,-79.65,30.07
p1,1764322208.3754,-5.6,-51.24,-78.24,26.99
p1,1764322208.4059,-3.424,-53.61,-77.74,24.11
p1,1764322208.4062,-3.266,-55.51,-79.54,24.01
p1,1764322208.4354,5.175,-48.92,-77.83,28.9
p1,1764322208.4357,-7.6,-48.25,-79.53,31.28
p1,1764322208.4662,5.098,-62.07,-77.76,15.58
p1,1764322208.4667,7.6,-60.26,-79.71,19.4
p1,1764322208.4977,2.236,-62.37,-77.95,15.46
p1,1764322208.4982,-4.33,-65.13,-78.75,13.43
p1,1764322208.5289,1.75,-51.64,-77.58,25.93
p1,1764322208.5574,7.623,-59.22,-79.46,20.19
p1,1764322208.5589,-2.28,-60.47,-77.91,17.36
p1,1764322208.5884,5.6,-56.05,-78.13,22.05
p1,1764322208.5902,5.794,-54.25,-78.87,24.61
p1,1764322208.6202,7.125,-54.23,-79.14,24.89
p1,1764322208.6492,7.467,-56.32,-79.72,23.38
p1,1764322208.6494,-2.917,-54.03,-77.59,23.54
p1,1764322208.6789,-4.671,-50.43,-77.45,27.01
p1,1764322208.7102,-5.152,-57.41,-77.4,19.95
p1,1764322208.7112,6.935,-56.14,-78.79,22.62
p1,1764322208.7404,-3.526,-48.23,-77.74,29.51
p1,1764322208.7407,-4.602,-48.5,-78.71,30.2
p1,1764322208.7747,-5.907,-54.53,-79.09,24.54
p1,1764322208.8369,7.6,-50.51,-79.11,28.59
p1,1764322208.8662,3.291,-57.35,-79.55,22.17
p1,1764322208.8674,-2.612,-53.76,-78.07,24.29
p1,1764322208.8974,6.693,-59.48,-79.15,19.62
p1,1764322208.8987,5.064,-60.29,-77.82,17.45
p1,1764322208.9272,2.762,-55.43,-78.19,22.73
p1,1764322208.9287,3.699,-57.08,-79.42,22.32
p1,1764322208.9584,5.569,-47.85,-78.04,30.18
p1,1764322208.9587,-6.479,-45.56,-79.32,33.76
p1,1764322208.9899,6.024,-52.32,-78.83,26.5
p1,1764322208.9902,5.612,-53.21,-77.83,24.6
p1,1764322209.0204,1.834,-52.92,-77.83,24.9
p1,1764322209.0489,5.093,-63.3,-77.86,14.4
p1,1764322209.0494,5.062,-63,-79.47,16.37
p1,1764322209.0797,-3.493,-57.26,-77.93,20.64
p1,1764322209.0807,-7.789,-59.09,-79.13,20
p1,1764322209.1099,-3.464,-50.08,-78.19,28.11
p1,1764322209.1104,-2.966,-51.42,-79.99,28.56
p1,1764322209.1419,-6.861,-45.93,-79.77,33.83
p1,1764322209.1734,-4.179,-62.33,-79.46,17.05
p1,1764322209.1742,-2.225,-60.7,-77.91,17.13
p1,1764322209.2052,5.609,-51.41,-77.92,26.5
p1,1764322209.2057,6.089,-49.17,-79.44,30.26
p1,1764322209.2367,-3.888,-63.59,-77.72,13.96
p1,1764322209.2387,7.576,-63.49,-79.31,15.7
p1,1764322209.2709,-6.678,-61.63,-79.1,17.39
p1,1764322209.2719,5.707,-65.5,-77.88,12.12
p1,1764322209.3032,3.442,-65.65,-77.98,12.06
p1,1764322209.3039,-4.7,-68.86,-79.49,10.24
p1,1764322209.3387,5.026,-47.85,-79.57,31.71
p1,1764322209.3394,4.84,-47.93,-78,30.07
p1,1764322209.3722,3.508,-59.15,-77.68,18.47
p1,1764322209.4109,-2.368,-55.42,-75.67,20.21
p1,1764322209.4477,-7.465,-55.03,-79.29,24.25
p1,1764322209.4894,1.908,-61.71,-77.55,15.72
p1,1764322209.5279,-3.833,-64.17,-77.73,13.36
p1,1764322209.5289,-5.555,-63.75,-79.28,15.41
p1,1764322209.5714,-4.66,-56.26,-77.87,21.59
p1,1764322209.5719,-5.849,-56.67,-78.79,22.1
p1,1764322209.6142,-2.859,-57.52,-77.91,20.36
p1,1764322209.6144,-3.968,-59.11,-79.31,20.16
p1,1764322209.6604,-7.941,-66.84,-78.96,11.85
p1,1764322209.6619,-3.477,-67.11,-78.22,10.76
p1,1764322209.7022,2.875,-55.5,-77.81,22.28
p1,1764322209.7039,-7.222,-56.05,-78.93,22.86
p1,1764322209.7549,2.184,-55.12,-77.58,22.44
p1,1764322209.8002,-6.351,-45.95,-78.97,33.02
p1,1764322209.8012,-5.6,-46.9,-78.11,31.21
p1,1764322209.8599,5.6,-50.96,-78.31,27.35
p1,1764322209.8602,7.157,-50.29,-79.78,29.49
p1,1764322209.9122,4.237,-47.72,-78.98,31.26
p1,1764322209.9127,0.8289,-44.22,-53.09,8.269
p1,1764322209.9134,2.107,-46.38,-77.75,31.36
p1,1764322211.1067,-3.943,-70.1,-77.78,6.866
p1,1764322211.2137,2.931,-52.43,-78.15,25.7
p1,1764322211.2144,3.67,-56.76,-79.53,22.75
p1,1764322211.2822,2.737,-65.38,-77.82,12.18
p1,1764322211.2829,6.293,-69.14,-79.39,9.819
p1,1764322211.3382,5.309,-71.57,-79.42,7.077
p1,1764322211.3397,-4.337,-70.75,-78.09,6.452
p1,1764322211.4964,5.43,-50.51,-78.29,27.77
p1,1764322211.4967,6.639,-49.33,-79.81,30.48
p1,1764322211.5439,-5.122,-60.33,-79.23,18.84
p1,1764322211.5457,-4.244,-59.98,-77.66,17.6
p1,1764322211.5854,-7.778,-54.91,-75.17,20.22
p1,1764322211.6182,-3.893,-52.22,-77.29,25.06
p1,1764322211.6194,4.433,-52.85,-79.1,26.24
p1,1764322211.6502,-5.715,-54.96,-79.51,24.53
p1,1764322211.6504,-5.855,-55.98,-78.04,22.04
p1,1764322211.6744,-6.312,-64.09,-79.21,14.98
p1,1764322211.6764,3.902,-63.88,-78.34,14.31
p1,1764322211.7032,-4.322,-44.85,-61.97,17.03
p1,1764322211.7034,-0.9766,-44.85,-52.82,7.212
p1,1764322211.7234,5.549,-53.14,-77.77,24.62
p1,1764322211.7242,-4.025,-53.64,-78.86,25.21
p1,1764322211.7967,-3.72,-60.74,-79.55,18.75
p1,1764322211.7972,-2.711,-57.69,-77.96,20.23
p1,1764322211.8244,3.904,-72.58,-79.89,6.422
p1,1764322211.8517,5.843,-64.56,-79.54,14.85
p1,1764322211.8527,-4.388,-65.61,-78.53,12.69
p1,1764322211.8784,-4.344,-71.97,-79.78,7.02
p1,1764322211.8802,2.267,-69.79,-77.58,7.002
p1,1764322211.9087,-5.253,-50.16,-78.14,27.98
p1,1764322211.9092,-5.396,-50.61,-79.32,28.71
p1,1764322211.9382,-3.467,-67.26,-77.74,10.08
p1,1764322211.9669,1.75,-44.33,-53.16,8.224
p1,1764322211.9679,6.683,-44.02,-78.75,34.73
p1,1764322211.9692,5.153,-44.53,-77.74,33.21
p1,1764322211.9987,-7.787,-60.2,-79.46,19.21
p1,1764322211.9997,-5.316,-60.51,-78.07,17.49
p1,1764322212.0309,-5.6,-50.29,-78.53,28.23
p1,1764322212.0314,-6.738,-49.93,-79.17,29.23
p1,1764322212.0612,-5.461,-65.01,-77.49,12.23
p1,1764322212.0629,7.124,-63.44,-79.23,15.68
p1,1764322212.0942,-4.383,-54.58,-78.89,24.3
p1,1764322212.0962,4.38,-55.2,-77.87,22.65
p1,1764322212.1267,1.855,-67.83,-77.68,9.376
p1,1764322212.1287,6.537,-67.02,-77.86,10.47
p1,1764322212.1609,-6.673,-57.39,-78.78,21.37
p1,1764322212.1947,-2.036,-54.95,-77.28,22.3
p1,1764322212.1954,-7.6,-54.81,-78.7,23.87
p1,1764322212.2292,6.643,-55.06,-78.63,23.55
p1,1764322212.2307,-1.452,-54.98,-77.33,22.32
p1,1764322212.2619,-5.002,-67.11,-78.19,10.73
p1,1764322212.2637,-2.86,-65.88,-77.72,11.54
p1,1764322212.3299,-3.934,-71.76,-79.51,6.957
p1,1764322212.3612,6.407,-58.35,-79.44,21.06
p1,1764322212.4242,6.387,-59.57,-79.28,19.67
p1,1764322212.4252,-2.785,-59.39,-77.66,18.2
p1,1764322212.4859,-1.878,-59.75,-77.9,18.08
p1,1764322212.5169,-3.154,-68.16,-77.62,8.944
p1,1764322212.5452,1.724,-46.02,-53.2,6.255
p1,1764322212.5457,-3.892,-47.01,-77.85,30.83
p1,1764322212.5472,-7.06,-47.14,-79.33,32.19
p1,1764322212.5742,4.699,-59.23,-79.21,19.94
p1,1764322212.5752,2.589,-58.47,-78.18,19.67
p1,1764322212.6039,-4.838,-53.4,-79.42,26.01
p1,1764322212.6042,3.101,-52.36,-78.27,25.89
p1,1764322212.6342,-6.729,-65.63,-78.94,13.1
p1,1764322212.6632,6.919,-58.61,-79.29,20.65
p1,1764322212.6634,3.457,-59.21,-78.29,19.02
p1,1764322212.6894,6.99,-48.24,-79.07,30.84
p1,1764322212.7454,5.89,-66.46,-78.66,11.92
p1,1764322212.7737,-4.969,-47.68,-78.32,30.64
p1,1764322212.7749,-5.166,-47.87,-77.54,29.66
p1,1764322212.8024,-2.809,-60.12,-77.5,17.3
p1,1764322212.8027,-4.612,-64.53,-78.71,14.01
p1,1764322212.8297,-6.46,-47.04,-78.25,31.2
p1,1764322212.8307,-5.6,-49.23,-77.02,27.78
p1,1764322212.8579,-1.538,-64.39,-77.59,12.99
p1,1764322212.8587,6.222,-64.95,-78.57,13.42
p1,1764322212.8872,7.6,-63.26,-78.51,15.12
p1,1764322212.8879,1.842,-64.87,-77.79,12.7
p1,1764322212.9147,-1.058,-45.02,-53.21,7.485
p1,1764322212.9164,6.328,-43.98,-78.44,34.46
p1,1764322212.9769,-5.873,-63.11,-78.57,15.33
p1,1764322212.9777,-4.724,-65.22,-77.19,11.69
p1,1764322213.0092,4.096,-68.04,-78.12,9.629
p1,1764322213.0094,-4.031,-67.48,-77.34,9.383
p1,1764322213.0407,-5.6,-51.78,-77.28,25.48
p1,1764322213.0409,-7.189,-48.47,-78.15,29.68
p1,1764322213.0749,5.533,-50.47,-78,27.52
p1,1764322213.0762,6.707,-48.61,-78.97,30.36
p1,1764322213.1087,2.645,-61.03,-77.45,16.32
p1,1764322213.1104,7.6,-58.45,-78.35,19.86
p1,1764322213.1474,-2.537,-45.42,-77.19,31.77
p1,1764322213.1477,1.237,-44.36,-53.11,8.125
p1,1764322213.1824,3.917,-56.32,-77.43,21.07
p1,1764322213.1842,4.292,-57.52,-78.73,21.17
p1,1764322213.2257,-4.751,-48.52,-77.89,29.37
p1,1764322213.2267,-5.031,-48.79,-78.82,30.03
p1,1764322213.2467,-4.298,-66.62,-77.11,10.08
p1,1764322213.2472,5.997,-65.7,-78.87,12.95
p1,1764322213.2692,1.823,-49.74,-77.99,28.24
p1,1764322213.3209,5.768,-63.78,-77.87,13.92
p1,1764322213.3212,5.787,-63.97,-76.93,12.74
p1,1764322213.3659,3.577,-60.17,-78.03,17.79
p1,1764322213.3667,0.7829,-58.76,-77.65,18.84
p1,1764322214.2382,3.564,-70.16,-77.86,6.896
p1,1764322214.3272,5.08,-56.52,-77.89,21.33
p1,1764322214.3292,6.629,-55.9,-79.09,23.17
p1,1764322214.4052,-5.466,-70.66,-78.05,6.52
p1,1764322214.4054,-5.402,-68.41,-79.11,10.31
p1,1764322214.5292,-3.105,-52.22,-77.83,25.6
p1,1764322214.5294,-4.196,-54.02,-78.57,24.54
p1,1764322214.5704,5.704,-57.36,-76.89,19.47
p1,1764322214.5717,-7.6,-54.51,-77.69,23.16
p1,1764322214.6042,2.298,-62.88,-77.03,13.97
p1,1764322214.6044,-6.795,-62.5,-78.79,16.19
p1,1764322214.6352,6.998,-49.94,-78.17,28.22
p1,1764322214.6354,5.682,-51.5,-76.31,24.79
p1,1764322214.6612,-7.549,-56.33,-78.03,21.67
p1,1764322214.6614,-4.683,-56.93,-77.56,20.59
p1,1764322214.7162,-5.505,-40.78,-60.46,19.63
p1,1764322214.7164,-2.777,-40.97,-60.59,19.57
p1,1764322214.7492,6.109,-48.64,-78.56,29.92
p1,1764322214.7494,5.6,-49.89,-77.28,27.38
p1,1764322214.7689,-6.291,-57.74,-78.16,20.37
p1,1764322214.7697,4.697,-56.92,-77.19,20.24
p1,1764322214.7877,-6.85,-47.86,-78.08,30.21
p1,1764322214.7884,-5.036,-49.36,-77.14,27.77
p1,1764322214.8064,-5.919,-53.59,-78.44,24.83
p1,1764322214.8069,-5.6,-55,-77.42,22.39
p1,1764322214.8252,7.663,-61.68,-78.67,16.9
p1,1764322214.8259,5.266,-62.57,-77.75,15.05
p1,1764322214.8444,7.845,-54.56,-78.57,24
p1,1764322214.8462,-1.81,-50.91,-77.69,26.77
p1,1764322214.8642,1.077,-45.93,-53.2,6.369
p1,1764322214.8647,-7.122,-45.18,-78.01,32.83
p1,1764322214.8854,3.429,-50.65,-77.73,27.07
p1,1764322214.8867,-7.6,-51.82,-78.27,26.44
p1,1764322214.9074,2.311,-43.68,-53.12,8.914
p1,1764322214.9294,3.904,-54.43,-78.59,24.14
p1,1764322214.9297,3.762,-53.42,-77.62,24.19
p1,1764322214.9507,5.702,-49.17,-77.44,28.27
p1,1764322214.9522,-4.44,-49.45,-78.47,29.02
p1,1764322214.9742,-7.6,-53.41,-79.1,25.67
p1,1764322214.9747,1.573,-54.24,-77.57,23.31
p1,1764322214.9967,-4.29,-53.78,-77.35,23.55
p1,1764322214.9969,5.96,-52.1,-78.49,26.38
p1,1764322215.0449,5.045,-69.85,-78.96,8.548
p1,1764322215.0459,-3.368,-69.31,-78,8.058
p1,1764322215.0959,2.355,-66.08,-77.94,11.57
p1,1764322215.1244,-6.628,-48.15,-79.07,30.92
p1,1764322215.1499,1.799,-63.4,-77.67,14.1
p1,1764322215.1504,3.498,-66.56,-78.83,12
p1,1764322215.1789,-5.358,-50.8,-77.36,26.55
p1,1764322215.1792,-5.411,-50.26,-78.55,28.28
p1,1764322215.2047,-6.335,-70.82,-79.78,8.37
p1,1764322215.2322,1.711,-44.21,-53.22,8.428
p1,1764322215.2329,-4.622,-44.39,-77.53,33.13
p1,1764322215.2337,-4.366,-44.79,-78.69,33.9
p1,1764322215.2609,-2.499,-50.63,-77.4,26.76
p1,1764322215.2614,-4.331,-51.21,-78.64,27.42
p1,1764322215.2872,-4.494,-52.18,-78.9,26.71
p1,1764322215.2874,-2.306,-45.06,-77.48,32.42
p1,1764322215.2877,-2.39,-43.74,-53.02,8.731
p1,1764322215.3142,4.698,-65.34,-78.92,13.39
p1,1764322215.3144,4.704,-64.78,-77.1,12.06
p1,1764322215.3414,-4.739,-47.46,-78.19,30.73
p1,1764322215.3434,-6.561,-46.46,-79.4,32.93
p1,1764322215.3679,6.312,-65.37,-78.93,13.37
p1,1764322215.3684,-5.487,-66.75,-77.44,10.29
p1,1764322215.4229,1.746,-67.36,-77.26,9.43
p1,1764322215.4502,-7.489,-61.3,-78.89,17.52
p1,1764322215.4509,-4.878,-61.78,-77.98,16.09
p1,1764322215.4749,7.208,-62.26,-78.46,16.09
p1,1764322215.4769,2.636,-61.73,-77.69,15.84
p1,1764322215.5029,-7.578,-58.86,-79.07,20.17
p1,1764322215.5032,-4.382,-59.52,-77.88,18.29
p1,1764322215.5282,-5.063,-68.25,-78.87,10.23
p1,1764322215.5297,-3.043,-65.64,-77.71,11.8
p1,1764322215.5544,3.508,-51.51,-77.99,26.47
p1,1764322215.5557,2.993,-53.11,-78.86,25.75
p1,1764322215.5802,-2.29,-53.76,-77.35,23.57
p1,1764322215.5822,4.38,-54.62,-78.21,23.57
p1,1764322215.6067,5.6,-51.63,-78.06,26.42
p1,1764322215.6082,7.631,-47.35,-79.04,31.69
p1,1764322215.6319,-3.778,-50.62,-78.86,28.23
p1,1764322215.6339,-3.922,-50.4,-77.25,26.84
p1,1764322215.6584,2.523,-49.07,-77.22,28.14
p1,1764322215.6599,-7.552,-47.89,-79.06,31.16
p1,1764322215.6834,7.05,-58.86,-78.99,20.09
p1,1764322215.7104,4.014,-56.56,-79.6,23.01
p1,1764322215.7114,3.679,-55.84,-78.28,22.41
p1,1764322215.7347,5.884,-63.36,-79.13,15.66
p1,1764322215.7354,5.6,-65.87,-78.2,12.08
p1,1764322215.7609,5.587,-44.26,-77.93,33.67
p1,1764322215.7617,5.332,-44.68,-77.68,33.01
p1,1764322215.7869,-3.412,-66.24,-76.86,10.22
p1,1764322215.7872,-4.889,-67.32,-78.51,10.85
p1,1764322215.8374,-0.9878,-61.78,-77.47,15.58
p1,1764322215.8394,-3.727,-65.5,-78.69,12.97
p1,1764322215.8639,5.401,-51.05,-77.52,26.46
p1,1764322215.8892,0.7015,-69.2,-77.82,7.982
p1,1764322215.9137,7.509,-52.38,-78.77,26.38
p1,1764322215.9147,1.766,-52.72,-77.74,25
p1,1764322215.9394,-5.79,-66.64,-77.94,10.96
p1,1764322215.9397,-1.211,-67.09,-77.94,10.48
p1,1764322215.9644,7.6,-56.16,-78.69,22.51
p1,1764322215.9649,-2.43,-55.93,-77.56,21.6
p1,1764322216.0132,0.6525,-45.25,-53.23,7.228
p1,1764322216.0134,4.678,-46.24,-77.75,31.51
p1,1764322216.0144,4.726,-47.56,-78.87,31.31
p1,1764322216.0389,7.357,-70.3,-78.52,7.51
p1,1764322216.0392,-2.259,-69.97,-77.62,6.826
p1,1764322216.0639,-1.512,-57.07,-78.14,21.04
p1,1764322216.0642,-7.533,-59.57,-78.72,19.1
p1,1764322216.0877,-5.106,-64.91,-78.75,13.66
p1,1764322216.1117,3.414,-56.19,-78.96,22.75
p1,1764322216.1127,2.986,-54.67,-77.91,23.22
p1,1764322216.1347,-3.501,-64.5,-77.86,13.15
p1,1764322216.1364,-6.676,-64.84,-78.57,13.54
p1,1764322216.1589,-4.686,-67.93,-77.87,9.479
p1,1764322216.1607,-5.872,-67.33,-78.97,11.33
p1,1764322216.1837,-4.21,-71.63,-79.15,6.678
p1,1764322216.2077,3.162,-58.22,-77.83,19.57
p1,1764322216.2082,5.084,-57.9,-79.05,21.11
p1,1764322216.2309,-5.198,-44.49,-77.44,32.95
p1,1764322216.2559,-7.951,-51.61,-79.11,27.49
p1,1764322216.2567,2.065,-51.83,-78.28,26.44
p1,1764322216.2782,7.499,-61.27,-79.07,17.73
p1,1764322216.2799,-1.897,-62.4,-77.88,15.35
p1,1764322216.3024,4.682,-64.93,-78.68,13.57
p1,1764322216.3027,4.672,-63.76,-78.42,14.5
p1,1764322216.3509,4.277,-64.31,-78.24,13.75
p1,1764322216.3732,3.13,-61.57,-77.61,15.93
p1,1764322216.3734,6.87,-61.23,-78.53,17.21
p1,1764322216.3977,4.737,-48.11,-79.18,31.06
p1,1764322216.3987,4.585,-47.58,-77.42,29.84
p1,1764322216.4209,-4.634,-58.07,-78.86,20.75
p1,1764322216.4229,4.812,-58.33,-77.5,19.11
p1,1764322216.4459,2.588,-60.89,-77.02,16.02
p1,1764322216.4472,7.148,-61.44,-78.22,16.69
p1,1764322216.4699,-5.904,-64.35,-77.23,12.66
p1,1764322216.4707,-6.048,-63.18,-78.67,15.37
p1,1764322216.4942,-2.147,-52.55,-77.26,24.7
p1,1764322216.4957,7.569,-49.75,-78.68,28.92
p1,1764322216.5179,3.879,-63.91,-77.17,13.05
p1,1764322216.5197,7.074,-63.79,-78.48,14.54
p1,1764322216.5432,5.163,-51.2,-77.7,26.5
p1,1764322216.5907,3.893,-50.87,-77.64,26.76
p1,1764322216.6162,6.641,-70.39,-79.03,8.003
p1,1764322216.6164,2.349,-70,-77.45,6.59
p1,1764322216.6389,5.074,-47.02,-79.08,32.05
p1,1764322216.6409,0.8601,-45.86,-53.24,6.493
p1,1764322216.6639,-6.552,-70.64,-78.99,7.668
p1,1764322216.6877,-2.208,-53.33,-77.44,24.1
p1,1764322216.6889,-4.144,-53.59,-79.14,25.54
p1,1764322216.7117,-2.805,-55.83,-77.51,21.65
p1,1764322216.7124,-3.863,-59.01,-79.12,20.08
p1,1764322216.7357,7.6,-58.17,-78.96,20.75
p1,1764322216.7364,1.614,-56.09,-78.12,21.99
p1,1764322216.7602,4.679,-65.36,-78.4,12.82
p1,1764322216.7617,-3.524,-62.94,-77.79,14.7
p1,1764322216.7854,-1.386,-55.8,-77.14,21.31
p1,1764322216.8352,5.702,-49.43,-77.68,28.25
p1,1764322216.8362,5.313,-48.66,-78.8,30.13
p1,1764322217.0919,-4.992,-68.38,-77.93,9.045
p1,1764322217.0929,4.706,-67.06,-78.81,11.45
p1,1764322217.1179,-5.238,-69.22,-77.79,7.915
p1,1764322217.1194,5.623,-68.28,-78.92,10.25
p1,1764322217.1477,6.729,-69.15,-79.15,9.543
p1,1764322217.1484,5.129,-69.86,-77.87,7.262
p1,1764322217.1742,4.673,-60.7,-78.84,18.08
p1,1764322217.1759,4.061,-59.78,-78.25,18.41
p1,1764322217.2642,4.705,-65.18,-79.51,14.17
p1,1764322217.2959,5.6,-46.97,-77.7,30.73
p1,1764322217.2967,6.889,-44.32,-79.08,34.76
p1,1764322217.3304,-6.489,-55.19,-78.99,23.79
p1,1764322217.3477,3.478,-68.54,-77.14,7.958
p1,1764322217.3484,-5.786,-68.22,-79.04,10.44
p1,1764322217.3634,-5.509,-61.89,-79.02,17.04
p1,1764322217.3639,-2.121,-61.23,-77.84,16.51
p1,1764322217.4014,-1.715,-41.39,-53.23,11.56
p1,1764322217.4022,6.243,-41.64,-78.9,37.26
p1,1764322217.4027,5.6,-42.04,-77.91,35.87
p1,1764322217.4402,1.6,-70.52,-77.65,6.194
p1,1764322217.5144,6.768,-50.71,-78.79,28.08
p1,1764322217.5162,4.191,-50.71,-78.43,27.71
p1,1764322217.5517,-5.6,-59.02,-77.78,18.7
p1,1764322217.5527,-6.692,-55.95,-78.9,22.93
p1,1764322217.5839,5.272,-53.79,-77.28,23.47
p1,1764322217.5849,6.308,-53.18,-79.42,26.23
p1,1764322217.6177,-6.862,-53.19,-79.34,26.14
p1,1764322217.6197,-2.269,-53.49,-77.86,24.35
p1,1764322217.6502,6.723,-60.98,-78.99,17.94
p1,1764322217.6512,5.055,-62.38,-77.18,14.66
p1,1764322217.7129,5.66,-55.25,-78.13,22.85
p1,1764322217.7149,-7.298,-52.06,-79.07,27.01
p1,1764322217.7462,-7.079,-61.67,-79.5,17.76
p1,1764322217.7757,4.185,-54.22,-79.02,24.78
p1,1764322217.7777,1.855,-52.58,-77.37,24.77
p1,1764322217.8077,-4.682,-49.51,-77.6,28.09
p1,1764322217.8092,-5.012,-49.86,-78.75,28.88
p1,1764322217.8382,5.121,-49.29,-78.39,29.09
p1,1764322217.8399,2.614,-48.88,-77.45,28.57
p1,1764322217.8709,6.373,-48.57,-78.99,30.41
p1,1764322217.9007,-5.162,-61.54,-77.29,15.63
p1,1764322217.9017,-5.07,-60.08,-79.33,19.2
p1,1764322217.9324,-2.438,-49.97,-77.26,27.28
p1,1764322217.9332,-2.619,-51.14,-79.24,28.09
p1,1764322217.9619,-2.794,-56.67,-77.5,20.8
p1,1764322217.9627,7.6,-56.36,-79.03,22.65
p1,1764322217.9944,-7.139,-52.06,-78.53,26.46
p1,1764322218.0227,-7.218,-56.59,-79.48,22.87
p1,1764322218.0234,2.345,-56.61,-77.76,21.12
p1,1764322218.0822,-5.651,-58.22,-78.62,20.36
p1,1764322218.0827,-4.774,-58.55,-77.65,19.05
p1,1764322218.1107,4.36,-51.9,-77.31,25.4
p1,1764322218.1119,-7.6,-50.26,-78.86,28.6
p1,1764322218.1394,-3.647,-51.14,-77.42,26.27
p1,1764322218.1399,-3.719,-53.92,-79.18,25.25
p1,1764322218.1962,5.456,-70.14,-78.85,8.081
p1,1764322218.2239,5.6,-52.11,-78.1,25.98
p1,1764322218.2244,6.353,-50.63,-79.22,28.59
p1,1764322218.2512,-2.639,-51.32,-77.56,26.23
p1,1764322218.2772,-4.656,-55.41,-77.66,22.22
p1,1764322218.3032,7.095,-69.09,-79.11,9.566
p1,1764322218.3309,5.197,-57.2,-78.42,21.19
p1,1764322218.3314,7.6,-55.12,-78.78,23.64
p1,1764322218.3572,7.241,-52.78,-78.94,26.15
p1,1764322218.3847,7.6,-53.69,-78.77,25.07
p1,1764322218.4102,-5.464,-69.98,-77.91,7.166
p1,1764322218.4107,6.7,-69.5,-78.69,8.636
p1,1764322218.4367,5.583,-60.91,-78.78,17.8
p1,1764322218.5149,-5.228,-64,-78.27,14.11
p1,1764322218.5162,-5.181,-62.27,-79.13,16.77
p1,1764322218.5404,-5.6,-53.21,-77.86,24.63
p1,1764322218.5417,-7.6,-51.38,-79.25,27.86
p1,1764322218.5897,3.546,-68.81,-78.3,8.98
p1,1764322218.6137,-4.73,-69.25,-77.43,7.457
p1,1764322218.6157,-6.117,-70.09,-79.16,8.5
p1,1764322218.6389,6.434,-59.53,-79.66,20.09
p1,1764322218.6404,-4.657,-60.7,-78.2,17.42
p1,1764322218.6639,4.359,-65.55,-79.34,13.61
p1,1764322218.6642,2.776,-65.34,-78.5,12.95
p1,1764322218.6892,-4.728,-60.99,-79.24,18.19
p1,1764322218.7364,4.557,-47.96,-77.54,29.57
p1,1764322218.7379,-7.6,-45.15,-79.15,33.99
p1,1764322218.7604,-5.19,-44.76,-79.05,34.29
p1,1764322218.7607,-3.6,-46.18,-53.19,6.048
p1,1764322218.7609,-5.287,-45.27,-78.02,32.75
p1,1764322218.7847,-5.6,-48.85,-77.79,28.94
p1,1764322218.7864,-6.596,-47.52,-78.77,31.24
p1,1764322218.8084,3.91,-63.75,-79.05,15.18
p1,1764322218.8087,4.842,-63.57,-78.1,14.38
p1,1764322218.8332,0.5298,-44.56,-53.16,7.959
p1,1764322218.8349,-2.322,-47.85,-77.34,29.49
p1,1764322218.8569,-7.113,-48.56,-78.87,30.31
p1,1764322218.8572,5.824,-48.97,-77.88,28.9
p1,1764322218.8822,5.709,-54.25,-78.77,24.5
p1,1764322218.8832,-7.848,-52.94,-79.17,26.21
p1,1764322218.9047,-6.266,-58.03,-79.1,21.04
p1,1764322218.9524,4.373,-66.93,-78.91,11.7
p1,1764322218.9529,-2.229,-62.33,-78.1,15.65
p1,1764322218.9754,-3.57,-67.3,-77.24,9.472
p1,1764322218.9774,-5.348,-67.49,-79,11.19
p1,1764322218.9984,5.502,-62.39,-77.68,15.16
p1,1764322218.9997,-6.441,-60.27,-79.44,19.12
p1,1764322219.0227,7.229,-60.08,-79.32,19.18
p1,1764322219.0237,-4.2,-61.79,-77.86,15.96
p1,1764322219.0444,2.192,-44.94,-77.7,32.75
p1,1764322219.0454,4.107,-45.35,-79.01,33.65
p1,1764322219.0462,1.01,-44.15,-53.03,8.271
p1,1764322219.0674,2.908,-46.86,-77.27,30.41
p1,1764322219.0694,1.712,-45.28,-53.1,7.036
p1,1764322219.0914,6.675,-63.44,-78.98,15.41
p1,1764322219.1344,-4.324,-54.53,-78.04,23.49
p1,1764322219.1357,-3.51,-55.41,-79.54,24.11
p1,1764322219.1577,-6.825,-67.24,-78.99,11.46
p1,1764322219.1589,5.114,-67.19,-77.56,9.955
p1,1764322219.1787,-0.9604,-43.49,-53.16,9.176
p1,1764322219.1799,-7.919,-43.87,-78.92,35.05
p1,1764322219.2237,7.6,-54.7,-78.92,24.2
p1,1764322219.2244,1.611,-56.17,-77.52,21.32
p1,1764322219.2464,1.849,-44.49,-53.06,7.916
p1,1764322219.2677,2.389,-55.66,-75.55,19.85
p1,1764322219.3087,-4.472,-60.89,-79.24,18.28
p1,1764322219.3089,-3.745,-58.36,-77.61,19.2
p1,1764322219.3304,-3.516,-51.04,-77.98,26.93
p1,1764322219.3309,-3.724,-51.31,-78.57,27.25
p1,1764322219.3509,-5.469,-50.81,-77.44,26.62
p1,1764322219.3527,-7.489,-50.73,-79.16,28.43
p1,1764322219.3719,-1.387,-41.01,-53.18,11.9
p1,1764322219.3729,-5.6,-39.12,-77.97,38.85
p1,1764322219.3737,-6.867,-37.39,-79.15,41.76
p1,1764322219.3924,-6.987,-46.54,-78.78,32.24
p1,1764322219.3942,-5.199,-48.34,-77.79,29.45
p1,1764322219.4129,1.615,-37.48,-53.43,15.83
p1,1764322219.4132,2.318,-39.9,-76.97,37.06
p1,1764322219.4134,3.568,-41.44,-78.36,36.92
p1,1764322219.4332,5.6,-51.33,-76.32,24.97
p1,1764322219.4334,7.112,-49.55,-76.66,27.11
p1,1764322219.4552,7.6,-48.6,-79.09,30.49
p1,1764322219.4554,-5.547,-54.78,-77.37,22.57
p1,1764322219.4734,1.169,-44.97,-53.21,7.535
p1,1764322219.4752,5.516,-42.83,-78.59,35.76
p1,1764322219.4937,3.911,-43.78,-78.43,34.66
p1,1764322219.4947,3.641,-42.09,-77.09,35
p1,1764322219.4949,3.587,-42.82,-53.05,9.793
p1,1764322219.5137,3.272,-56.7,-78.38,21.65
p1,1764322219.5344,2.388,-56.1,-77.82,21.69
p1,1764322219.5527,6.261,-48.21,-78.46,30.25
p1,1764322219.5539,-5.085,-48.87,-77.74,28.86
p1,1764322219.5732,-5.722,-57.81,-77.43,19.58
p1,1764322219.5744,-6.736,-57.02,-78.63,21.58
p1,1764322219.5927,-2.115,-51.68,-77.15,25.47
p1,1764322219.5937,-6.005,-51.28,-78.34,27.05
p1,1764322219.6129,-2.51,-55.72,-77.34,21.59
p1,1764322219.6139,-3.751,-56.77,-78.43,21.63
p1,1764322219.6329,7.6,-55.92,-79.4,23.46
p1,1764322219.6332,4.825,-56.62,-77.71,21.05
p1,1764322219.6522,-6.254,-54,-78.62,24.61
p1,1764322219.6532,2.918,-53.47,-77.53,24.05
p1,1764322219.6709,4.276,-57.15,-78.86,21.68
p1,1764322219.6727,5.598,-57.89,-77.84,19.91
p1,1764322219.6914,0.8962,-41.17,-53.36,11.91
p1,1764322219.6919,-0.4911,-45.44,-77.62,32.18
p1,1764322219.7109,-1.07,-43.48,-53.5,9.568
p1,1764322219.7114,-7.257,-48.75,-78.31,29.56
p1,1764322219.7129,1.681,-48.41,-77.22,28.81
p1,1764322219.7312,-1.781,-40.8,-53.45,12.41
p1,1764322219.7327,-5.6,-38.98,-70.98,32
p1,1764322219.7332,-6.623,-37.88,-71.32,33.44
p1,1764322219.7512,4.651,-41.28,-78.05,36.77
p1,1764322219.7522,4.395,-41.06,-78.72,37.66
p1,1764322219.7734,-7.082,-55.67,-78.92,23.22
p1,1764322219.7917,7.6,-45.96,-79,33.04
p1,1764322219.7932,-1.659,-45.19,-52.99,7.015
p1,1764322219.8117,-4.026,-45.22,-79.07,33.85
p1,1764322219.8132,-4.075,-44.5,-77.45,32.95
p1,1764322219.8309,3.9,-68.69,-78.95,9.826
p1,1764322219.8327,4.907,-68.77,-77.52,8.128
p1,1764322219.8517,-5.617,-47.67,-77.75,30.07
p1,1764322219.8522,1.62,-45.94,-53.15,6.294
p1,1764322219.8524,-5.469,-47.66,-78.44,30.77
p1,1764322219.8714,-7.6,-55.27,-78.78,23.49
p1,1764322219.8719,-5.731,-56.99,-77.56,20.52
p1,1764322219.8897,-4.857,-53.86,-77.13,23.25
p1,1764322219.8912,-5.513,-53.65,-78.56,24.89
p1,1764322219.9104,5.062,-65.74,-77.15,11.08
p1,1764322219.9107,5.92,-64.11,-78.47,14.2
p1,1764322219.9282,5.575,-51.9,-77.46,25.55
p1,1764322219.9297,-7.546,-50.18,-78.38,28.19
p1,1764322219.9479,5.217,-53.24,-78.74,25.49
p1,1764322219.9487,4.725,-53.7,-77.45,23.73
p1,1764322219.9677,4.334,-52.21,-77.41,25.19
p1,1764322219.9679,4.322,-55.42,-78.1,22.65
C,1764322220.005,4,0
p1,1764322219.9859,7.453,-59.71,-78.46,18.69
p1,1764322220.0039,7.462,-67.26,-78.48,10.88
p1,1764322220.0044,5.688,-67.75,-77.51,9.273
p1,1764322220.0232,2.426,-56.9,-77.72,20.79
p1,1764322220.0234,4.26,-58.74,-78.95,20.17
p1,1764322220.0412,6.942,-54.97,-78.67,23.68
p1,1764322220.0424,5.6,-56.84,-77.19,20.32
p1,1764322220.0597,5.785,-63.59,-78.81,15.09
p1,1764322220.0602,5.015,-64.38,-77.83,13.25
p1,1764322220.0782,-5.252,-55.51,-78.25,22.72
p1,1764322220.0794,-6.92,-54.2,-79.06,24.85
p1,1764322220.0969,1.6,-60.77,-77.48,16.61
p1,1764322220.0972,3.377,-63.8,-78.91,14.97
p1,1764322220.1154,-4.742,-55.95,-78.99,23.01
p1,1764322220.1164,-3.583,-56.1,-77.64,21.51
p1,1764322220.1349,5.811,-52.18,-78.55,26.36
p1,1764322220.1537,4.657,-63.67,-77.33,13.47
p1,1764322220.1704,2.201,-42.77,-77.8,35.03
p1,1764322220.1709,-7.6,-43.93,-79.25,35.32
p1,1764322220.1722,1.587,-40.46,-53,12.29
p1,1764322220.1899,5.005,-57.92,-78.23,20.26
p1,1764322220.1907,7.07,-57.79,-79.14,21.31
p1,1764322220.2084,-6.868,-49.28,-78.23,28.95
p1,1764322220.2092,-5.6,-51.1,-77.65,26.54
p1,1764322220.2267,1.583,-49.44,-76.99,27.54
p1,1764322220.2447,-0.5088,-41.23,-53.07,11.55
p1,1764322220.2459,-7.253,-39.82,-79.12,39.31
p1,1764322220.2634,5.539,-47.81,-77.97,30.15
p1,1764322220.2639,-7.6,-47.24,-79.76,32.52
p1,1764322220.2804,1.158,-43.61,-53.12,8.99
p1,1764322220.2807,-2.281,-45.72,-77.75,32.03
p1,1764322220.3002,6.334,-52.85,-78.87,26.02
p1,1764322220.3007,5.507,-52.91,-77.43,24.5
p1,1764322220.3177,0.6906,-40,-77.64,37.65
p1,1764322220.3184,0.2775,-37.5,-52.97,15.34
p1,1764322220.3539,-3.072,-44.05,-78.77,34.72
p1,1764322220.3542,-1.932,-42.13,-78.01,35.88
p1,1764322220.3544,-0.9514,-40.05,-53.07,12.8
p1,1764322220.3712,5.6,-42.2,-77.72,35.52
p1,1764322220.3724,7.448,-41.02,-78.69,37.66
p1,1764322220.3899,-2.293,-46.13,-77.75,31.61
p1,1764322220.3902,-1.309,-43.97,-52.82,8.247
p1,1764322220.4072,-4.316,-67.91,-78.13,9.787
p1,1764322220.4077,-4.276,-68.06,-79.53,11.14
p1,1764322220.4254,-3.398,-49.84,-78.84,28.99
p1,1764322220.4257,-1.818,-48.75,-78.13,29.38
p1,1764322220.4427,6.726,-47.51,-79.21,31.7
p1,1764322220.4592,-7.6,-35.41,-79.31,43.9
p1,1764322220.4609,0.8922,-36.43,-53.14,16.61
p1,1764322220.4612,-5.6,-36.48,-78.05,41.57
p1,1764322220.4774,-0.001956,-36.65,-53.48,16.74
p1,1764322220.4787,3.95,-37.19,-78.12,40.94
p1,1764322220.4944,-1.055,-42.43,-53.59,10.81
p1,1764322220.4954,-3.632,-42.38,-79.46,37.07
p1,1764322220.4962,-3.821,-42.06,-78.22,36.16
p1,1764322220.5119,1.076,-39.9,-53.73,13.64
p1,1764322220.5122,-7.705,-40.34,-78.93,38.58
p1,1764322220.5292,5.588,-54.35,-78.11,23.75
p1,1764322220.5297,7.612,-53.66,-78.69,25.02
p1,1764322220.5487,-5.745,-35.55,-78.95,43.4
p1,1764322220.5639,1.09,-45.82,-53.05,6.326
p1,1764322220.5644,5.6,-45.64,-77.51,31.86
p1,1764322220.5659,7.773,-43.03,-78.91,35.88
p1,1764322220.5982,-1.142,-45.64,-53.23,6.763
p1,1764322220.5989,3.079,-48.39,-79.05,30.66
p1,1764322220.5999,2.986,-45.73,-77.71,31.98
p1,1764322220.6152,-1.273,-38.89,-53.35,14.3
p1,1764322220.6322,0.9987,-40.42,-53.28,12.63
p1,1764322220.6324,2.617,-41.53,-77.85,36.32
p1,1764322220.6332,4.058,-42.59,-79.37,36.77
p1,1764322220.6487,1.874,-39.29,-53.47,14
p1,1764322220.6504,-4.883,-38.77,-77.57,38.8
p1,1764322220.6507,-5.037,-38.72,-78.98,40.26
p1,1764322220.6659,-3.985,-42.44,-53.46,10.66
p1,1764322220.6662,-3.875,-41.93,-77.77,35.84
p1,1764322220.6669,-3.873,-42.3,-78.67,36.36
p1,1764322220.6819,-3.846,-70.6,-78.19,6.756
p1,1764322220.6984,-5.11,-64.08,-77.34,13.05
p1,1764322220.7002,6.439,-62.7,-77.97,15.13
p1,1764322220.7157,-7.403,-70.25,-78.46,7.5
p1,1764322220.7309,-5.577,-39.02,-77.62,38.6
p1,1764322220.7324,-6.761,-38.6,-79.28,40.68
p1,1764322220.7474,-5.148,-50.86,-79.61,28.75
p1,1764322220.7482,-2.282,-49.84,-78.42,28.57
p1,1764322220.7647,-5.839,-46.51,-78.37,31.85
p1,1764322220.7649,7.6,-45.6,-79.53,33.92
p1,1764322220.7797,1.736,-42.56,-53.15,10.2
p1,1764322220.7802,6.279,-42,-78.65,36.65
p1,1764322220.7817,5.6,-42.54,-77.84,35.29
p1,1764322220.7977,-3.184,-62.65,-77.29,14.49
p1,1764322220.8294,6.472,-62.35,-79.04,16.6
p1,1764322220.8302,-4.751,-63.59,-78.06,14.32
p1,1764322220.8444,-3.903,-46.41,-77.34,30.92
p1,1764322220.8447,-3.933,-46.33,-79.09,32.75
p1,1764322220.8464,-1.824,-45.88,-53.06,6.249
p1,1764322220.8607,-7.847,-59.42,-79.07,19.6
p1,1764322220.8622,-1.149,-61.07,-77.26,16.09
p1,1764322220.8772,-5.218,-42.22,-79.18,36.97
p1,1764322220.8944,-5.749,-47.56,-78.98,31.42
p1,1764322220.9107,-6.269,-38.07,-78.89,40.82
p1,1764322220.9112,5.521,-38.28,-77.96,39.68
p1,1764322220.9114,1.646,-38.16,-52.85,14.54
p1,1764322220.9267,-1.723,-59.98,-77.88,17.83
p1,1764322220.9269,-6.022,-61.36,-78.89,17.45
p1,1764322220.9602,-5.45,-65.87,-77.73,11.57
p1,1764322220.9744,1.096,-45.42,-53,6.746
p1,1764322220.9764,3.011,-46.38,-77.66,31.28
p1,1764322220.9914,7.6,-54.13,-79.39,25.25
p1,1764322220.9917,-2.077,-54.01,-77.62,23.59
p1,1764322221.0067,5.526,-50.12,-78.76,28.63
p1,1764322221.0247,6.38,-49.64,-78.96,29.31
p1,1764322221.0399,5.862,-49.91,-79.36,29.45
p1,1764322221.0407,3.509,-49.99,-77.62,27.62
p1,1764322221.0567,-3.616,-40.15,-77.42,37.27
p1,1764322221.0714,7.411,-49.35,-78.88,29.53
p1,1764322221.0727,5.057,-50.12,-77.38,27.25
p1,1764322221.0867,-1.735,-44.39,-53.08,8.057
p1,1764322221.0882,-5.05,-45.1,-79.12,34.02
p1,1764322221.1027,1.059,-44.95,-53.25,7.603
p1,1764322221.1029,2.576,-50.31,-78.72,28.4
p1,1764322221.1192,5.729,-54.25,-77.23,22.96
p1,1764322221.1199,6.709,-52.52,-78.62,26.09
p1,1764322221.1342,5.189,-47.45,-77.44,29.98
p1,1764322221.1349,5.289,-47.22,-78.89,31.67
p1,1764322221.1502,-7.151,-46.38,-78.6,32.22
p1,1764322221.1509,-2.991,-46.42,-77.65,31.23
p1,1764322221.1654,1.721,-51.09,-77.71,26.61
p1,1764322221.1672,3.917,-52.5,-78.86,26.35
p1,1764322221.1827,3.798,-50.5,-77.76,27.25
p1,1764322221.1829,3.827,-50.86,-78.99,28.12
p1,1764322221.1964,1.627,-45.86,-53.06,6.291
p1,1764322221.1979,-2.122,-47.74,-77.94,30.19
p1,1764322221.1982,-4.321,-48.51,-79.15,30.64
p1,1764322221.2137,7.826,-53.36,-79.2,25.83
p1,1764322221.2139,2.805,-53.25,-77.96,24.7
p1,1764322221.2294,-2.788,-53.06,-77.95,24.88
p1,1764322221.2429,3.907,-62.27,-77.61,15.21
p1,1764322221.2449,5.136,-63.07,-78.87,15.68
p1,1764322221.2584,-4.278,-64.3,-77.73,13.24
p1,1764322221.2589,6.227,-63.74,-79.17,15.3
p1,1764322221.2737,4.267,-50.74,-79.71,28.97
p1,1764322221.2742,2.798,-50.22,-78.12,27.89
p1,1764322221.2889,-7.256,-46.94,-78.85,31.9
p1,1764322221.2907,1.982,-47.56,-77.73,30.17
p1,1764322221.3039,-1.944,-60.52,-77.65,17.04
p1,1764322221.3052,-4.146,-63.34,-78.42,14.94
p1,1764322221.3207,7.66,-67.22,-78.83,11.3
p1,1764322221.3212,-3.222,-67.71,-77.77,9.606
p1,1764322221.3349,2.126,-62.39,-77.51,14.98
p1,1764322221.3364,5.106,-64.7,-79.11,14.24
p1,1764322221.3502,-2.679,-69.07,-77.84,8.151
p1,1764322221.3514,7.559,-67.13,-78.77,11.34
p1,1764322221.3652,3.92,-59.38,-77.79,18.35
p1,1764322221.3664,3.941,-60.6,-78.53,17.86
p1,1764322221.3802,2.346,-53.54,-77.45,23.89
p1,1764322221.3817,-7.438,-54.09,-78.48,24.38
p1,1764322221.3959,7.763,-58.36,-77.9,19.48
p1,1764322221.3967,5.697,-61.12,-77.42,16.2
p1,1764322221.4117,-1.55,-60.66,-77.44,16.68
p1,1764322221.4124,-5.099,-62.04,-77.98,15.82
p1,1764322221.4272,5.814,-62.14,-77.84,15.58
p1,1764322221.4277,-7.497,-60.96,-78.98,17.94
p1,1764322221.4409,1.572,-65.47,-77.91,12.19
p1,1764322221.4412,7.34,-65.7,-78.82,12.91
p1,1764322221.4562,2.314,-61.39,-77.54,16.04
p1,1764322221.4579,-7.6,-59.52,-78.6,19.03
p1,1764322221.4734,-4.745,-66.66,-77.13,10.06
p1,1764322221.5032,-2.297,-60.55,-77.76,17.13
p1,1764322221.5034,-4.228,-65.62,-78.89,13.06
p1,1764322221.5182,2.691,-66.43,-77.65,10.88
p1,1764322221.5184,7.036,-65.45,-78.67,13.01
p1,1764322221.5327,5.857,-65.94,-78.84,12.66
p1,1764322221.5332,5.942,-66.46,-77.61,10.81
p1,1764322221.5474,5.122,-58.08,-77.96,19.84
p1,1764322221.5627,-3.186,-49.72,-77.9,28.17
p1,1764322221.5629,-3.985,-50.08,-79.2,29.12
p1,1764322221.5767,-4.797,-54.5,-79.16,24.64
p1,1764322221.5772,3.469,-53.85,-77.77,23.91
p1,1764322221.5917,-5.998,-57.83,-79.15,21.28
p1,1764322221.6062,1.871,-68.67,-77.45,8.164
p1,1764322221.6064,6.54,-68.67,-78.71,9.579
p1,1764322221.6204,-5.706,-51.39,-77.91,26.51
p1,1764322221.6217,6.769,-51.19,-78.66,27.47
p1,1764322221.6357,7.442,-61.59,-79.08,17.41
p1,1764322221.6359,-5.458,-63.38,-78.15,14.63
p1,1764322221.6507,5.874,-55.97,-79.23,23.24
p1,1764322221.6509,5.905,-56.06,-78.05,21.97
p1,1764322221.6649,-4.222,-67.33,-78.94,11.29
p1,1764322221.6654,-4.255,-65.29,-77.92,12.39
p1,1764322221.6797,7.934,-60.07,-78.91,18.78
p1,1764322221.6937,5.788,-56.78,-78.17,21.36
p1,1764322221.6944,7.697,-56.19,-78.84,22.62
p1,1764322221.7077,-6.999,-56.21,-78.86,22.62
p1,1764322221.7367,-5.372,-64.09,-77.53,13.24
p1,1764322221.7377,-4.37,-63.87,-78.85,14.84
p1,1764322221.7512,-2.204,-70.33,-77.85,6.684
p1,1764322221.7522,-4.5,-70.76,-78.86,7.372
p1,1764322221.7662,5.135,-62.34,-78.86,16.42
p1,1764322221.7664,5.112,-62.28,-78.15,15.76
p1,1764322221.7802,-5.095,-64.95,-78.85,13.71
p1,1764322221.7809,-5.006,-65.4,-77.91,12.25
p1,1764322221.7947,2.545,-60.66,-77.61,16.86
p1,1764322221.8089,-7.695,-62.27,-78.36,15.98
p1,1764322221.8092,2.478,-63.14,-77.3,14
p1,1764322221.8237,-7.071,-61.69,-78.72,16.95
p1,1764322221.8377,-2.992,-61.3,-77.73,16.33
p1,1764322221.8519,5.054,-65.99,-78.92,12.7
p1,1764322221.8522,5.067,-65.95,-77.75,11.51
p1,1764322221.8662,2.256,-66.98,-77.86,10.51
p1,1764322221.8664,5.503,-69.47,-78.83,8.824
p1,1764322221.8807,5.196,-58.68,-76.82,18.08
p1,1764322221.8944,2.329,-62.38,-76.67,14.13
p1,1764322221.9084,4.461,-69.55,-77.95,7.724
p1,1764322221.9087,4.814,-68.97,-79.41,10.04
p1,1764322221.9224,2.013,-59.96,-78.15,18.13
p1,1764322221.9227,3.489,-60.61,-78.8,18.12
p1,1764322221.9364,2.209,-58.71,-77.87,19.11
p1,1764322221.9507,-2.479,-56.46,-77.3,20.8
p1,1764322221.9644,-5.671,-57.94,-78.68,20.71
p1,1764322221.9784,7.191,-67.3,-78.24,10.57
p1,1764322221.9924,-5.049,-54.79,-78.05,23.24
p1,1764322222.0202,7.571,-48.83,-76.46,27.62
p1,1764322222.0469,2.142,-51.42,-77.74,26.31
p1,1764322222.0477,3.597,-54.17,-79.25,25.07
p1,1764322222.0884,6.335,-62.62,-79.01,16.29
p1,1764322222.0887,5.069,-63.62,-78.36,14.6
p1,1764322222.1039,1.9,-58.22,-72.47,14.09
p1,1764322222.1292,-5.478,-55.07,-72.25,17.1
p1,1764322222.1297,-7.063,-54.91,-73.62,18.65
p1,1764322222.1442,3.233,-56.89,-73.34,16.35
p1,1764322222.1447,-7.963,-56.86,-72.44,15.46
p1,1764322222.1699,5.433,-61.7,-73.68,11.69
p1,1764322222.1702,6.369,-59.89,-72.7,12.58
p1,1764322222.1849,-5.6,-49.11,-71.71,22.58
p1,1764322222.1854,-6.808,-49.07,-73.6,24.52
p1,1764322222.2107,5.984,-54.98,-72.47,17.42
p1,1764322222.2239,2.301,-58.8,-66.39,6.766
p1,1764322222.2394,-2.201,-56.38,-76.47,20.04
p1,1764322222.2657,0.4882,-45.96,-53.14,6.253
p1,1764322222.2662,2.232,-51.63,-77.4,25.77
p1,1764322222.2912,-2.47,-56.24,-77.03,20.76
p1,1764322222.3044,-6.838,-59.81,-67.66,7.066
p1,1764322222.3197,-2.293,-56.24,-74.47,18.17
p1,1764322222.3457,-3.997,-63.58,-75.8,11.95
p1,1764322222.3462,6.769,-63.6,-76.24,12.4
p1,1764322222.3707,-2.403,-60.52,-76.62,15.99
p1,1764322222.3857,5.421,-59.04,-74.57,15.4
p1,1764322222.3989,5.036,-65.35,-77.82,12.21
p1,1764322222.4229,-5.475,-65.23,-77.6,12.11
p1,1764322222.4362,1.824,-52.06,-73.88,21.79
p1,1764322222.4512,-6.732,-53.88,-78,24.11
p1,1764322222.4749,5.534,-63.01,-77.79,14.64
p1,1764322222.5029,5.503,-64.1,-74.61,10.1
p1,1764322222.5157,6.248,-65.46,-74.14,8.041
p1,1764322222.5392,-6.615,-56.47,-66.91,10.03
p1,1764322222.5539,-7.6,-49.58,-66.17,16.5
p1,1764322222.5542,-5.061,-55.36,-67.93,12.32
p1,1764322222.5794,-5.985,-66.45,-76.34,9.419
p1,1764322222.6024,-6.478,-61.16,-74.67,13.32
p1,1764322222.6174,-5.429,-61.7,-73.78,11.8
p1,1764322222.6402,2.816,-56.55,-72.22,15.55
p1,1764322222.6552,-5.08,-65.34,-73.59,7.546
p1,1764322222.6782,-2.232,-58.6,-69.22,10.23
p1,1764322222.6904,-5.849,-59.13,-71.42,12.03
p1,1764322222.7154,6.601,-59.93,-73.79,13.68
p1,1764322222.7304,-4.712,-64.25,-71.89,6.81
p1,1764322222.7427,-2.653,-61.46,-68.86,6.517
p1,1764322222.7532,5.486,-61.23,-70.53,8.756
p1,1764322222.7547,4.291,-61.11,-72.15,10.68
p1,1764322222.7787,4.738,-64.6,-72.83,7.527
p1,1764322222.8047,1.489,-56.25,-72.48,16.12
p1,1764322222.8049,4.37,-59.12,-72.52,13.2
p1,1764322222.8544,-1.629,-55.36,-70.31,14.81
p1,1764322222.8769,4.902,-59.57,-68.38,8.204
p1,1764322222.8774,4.108,-59.36,-68.2,8.224
p1,1764322222.8892,-5.431,-59.5,-68.78,8.73
p1,1764322222.8909,-4.505,-59.65,-69.1,8.936
p1,1764322222.9394,-6.258,-54.75,-64.28,9.024
p1,1764322222.9397,5.127,-55.89,-64.98,8.521
p1,1764322222.9639,-2.308,-52.11,-61.71,9.087
p1,1764322222.9749,5.951,-53.99,-62.45,7.79
p1,1764322222.9752,5.784,-54.26,-61.85,6.753
p1,1764322223.0222,1.925,-49.86,-64.65,14.65
p1,1764322223.0239,-6.634,-49.94,-65.97,15.92
p1,1764322223.0607,5.111,-56.05,-64.36,7.617
p1,1764322223.0834,-5.6,-55.91,-65.16,8.699
p1,1764322223.0839,-6.491,-54.64,-64.66,9.573
p1,1764322223.1079,-2.313,-55.17,-67.01,11.54
p1,1764322223.1084,7.456,-55.12,-66.6,11.17
p1,1764322223.1669,-7.502,-56.58,-72.61,15.92
p1,1764322223.2369,-4.778,-54.99,-66.81,11.52
p1,1764322223.2377,4.816,-55.49,-67.99,12.24
p1,1764322223.2827,6.239,-55.34,-70.85,15.39
p1,1764322223.2847,-3.934,-54.98,-70.68,15.58
p1,1764322223.3304,-5.6,-57.64,-65.46,7.039
p1,1764322223.3312,5.093,-56.7,-64.56,7.089
p1,1764322223.3414,-6.923,-55.89,-65.34,8.928
p1,1764322223.3877,-7.574,-62,-69.64,6.819
p1,1764322223.3889,5.657,-63.38,-70.52,6.21
p1,1764322223.3994,5.389,-60.15,-69.98,9.349
p1,1764322223.4004,5.697,-61.34,-69.43,7.357
p1,1764322223.4224,4.413,-55.9,-72.56,16.57
p1,1764322223.4237,1.73,-52.39,-70.9,18.44
p1,1764322223.4454,-4.265,-59.37,-74.33,14.83
p1,1764322223.4459,-1.369,-56.98,-75.13,18.08
p1,1764322223.4687,7.09,-59.74,-67.36,6.793
p1,1764322223.4819,1.898,-54.31,-69.42,14.97
p1,1764322223.5032,4.724,-62.38,-70.67,7.599
p1,1764322223.5052,2.878,-61.67,-73.19,11.2
p1,1764322223.5147,-6.864,-62.56,-71.51,8.352
p1,1764322223.5379,4.81,-57.09,-67.11,9.565
p1,1764322223.5494,5.6,-59.37,-67.25,7.115
p1,1764322223.5507,5.903,-57.41,-66.82,8.882
p1,1764322223.5719,5.561,-60.29,-69.66,8.837
p1,1764322223.5734,2.737,-58.12,-70.62,12.25
p1,1764322223.5849,6.303,-60.29,-68.34,7.318
p1,1764322223.5962,2.684,-62.97,-70.39,6.548
p1,1764322223.6172,-7.456,-63.57,-74.22,10.26
p1,1764322223.6179,-5.891,-63.65,-73.2,9.038
p1,1764322223.6397,-5.597,-58.27,-73.87,15.48
p1,1764322223.6414,-5.124,-58.32,-75.39,16.98
p1,1764322223.7074,5.16,-57.06,-71.99,14.79
p1,1764322223.7089,-6.832,-56.39,-72.85,16.36
p1,1764322223.7299,-2.036,-54.8,-71.87,16.99
p1,1764322223.7307,7.915,-53.57,-72.97,19.36
p1,1764322223.7519,3.496,-61.66,-73.68,11.74
p1,1764322223.7522,-7.01,-60.71,-74.4,13.5
p1,1764322223.7739,-4.702,-56.13,-64.38,7.542
p1,1764322223.7744,-4.725,-56.08,-64.81,8.106
p1,1764322223.7852,4.059,-55.31,-65.15,9.364
p1,1764322223.7862,-7.244,-54.79,-64.9,9.657
p1,1764322223.8312,2.338,-55.68,-68,12.05
p1,1764322223.8514,5.483,-61.12,-69.1,7.227
p1,1764322223.8517,6.412,-59.85,-68.08,7.517
p1,1764322223.8962,-5.488,-60.45,-70.35,9.431
p1,1764322223.8972,7.18,-59.47,-71.39,11.63
p1,1764322223.9407,3.834,-67.94,-75.27,6.436
p1,1764322223.9414,7.755,-68.9,-76.65,6.952
p1,1764322223.9949,4.126,-60.15,-68.48,7.639
p1,1764322223.9967,-5.273,-59.42,-73.7,14.11
p1,1764322224.0059,-2.366,-59.26,-69.13,9.392
p1,1764322224.0182,-7.441,-64.19,-72.66,7.809
p1,1764322224.0409,2.279,-63.66,-72.55,8.287
p1,1764322224.0842,-6.759,-63.06,-75.37,12.05
p1,1764322224.0859,-5.089,-63.05,-75.49,12.18
p1,1764322224.1077,-2.716,-67.65,-74.91,6.359
p1,1764322224.1304,-6.28,-66.73,-75.4,8.037
p1,1764322224.1324,-4.294,-67.05,-74.59,6.707
p1,1764322224.1664,-4.768,-58.26,-72.43,14
p1,1764322224.1909,-4.653,-63.25,-73.5,9.819
p1,1764322224.1912,-2.723,-62.8,-73.28,10.07
p1,1764322224.2397,5.6,-63.58,-75.31,11.43
p1,1764322224.2399,6.263,-64.01,-75.56,11.23
p1,1764322224.2652,-7.054,-61.65,-73.75,11.82
p1,1764322224.2799,5.557,-62.3,-73.81,11.19
p1,1764322224.3039,5.496,-61.88,-78.5,16.52
p1,1764322224.3169,-1.936,-53.11,-70.84,17.66
p1,1764322224.3452,-3.879,-53.53,-75.93,22.37
p1,1764322224.3454,6.38,-53.6,-77.6,23.98
p1,1764322224.3704,4.811,-60.77,-76.19,15.29
p1,1764322224.3989,1.375,-62.02,-77.04,14.89
p1,1764322224.4129,-7.6,-69.28,-78.73,8.938
p1,1764322224.4269,2.734,-68.46,-77.91,8.918
p1,1764322224.4554,2.046,-67.58,-78.54,10.6
p1,1764322224.4557,-6.623,-69.98,-79.17,8.631
p1,1764322224.4692,-7.81,-68.81,-78.99,9.74
p1,1764322224.4702,-3.433,-68.29,-78.37,9.631
p1,1764322224.4834,4.753,-61.5,-79.25,17.68
p1,1764322224.4847,-2.785,-60.62,-77.64,16.93
p1,1764322224.4982,-5.122,-70.02,-78,7.225
p1,1764322224.4987,-5.06,-70.26,-79.64,8.853
p1,1764322224.5127,3.43,-68.88,-78.06,8.617
p1,1764322224.5277,3.116,-67.37,-77.95,10.19
p1,1764322224.5279,-7.6,-67.9,-78.9,10.63
p1,1764322224.5434,7.705,-67.61,-78.47,10.49
p1,1764322224.5439,3.732,-67.41,-78.17,10.38
p1,1764322224.5584,-3.803,-67.98,-78.16,9.737
p1,1764322224.5739,-5.333,-69.08,-78.91,9.362
p1,1764322224.5742,3.031,-67.31,-77.59,9.851
p1,1764322224.6359,4.724,-57.18,-78.95,21.74
p1,1764322224.6372,5.6,-58.56,-78.21,19.6
p1,1764322224.6689,3.626,-69.07,-78.26,8.623
p1,1764322224.6702,-5.503,-67.69,-77,8.766
p1,1764322224.6859,3.967,-60.08,-77.55,17.38
p1,1764322224.6862,3.969,-60.32,-78.56,18.17
p1,1764322224.7009,-4.011,-65.32,-77.93,12.37
p1,1764322224.7024,-5.485,-65.4,-78.68,13.08
p1,1764322224.7339,-3.066,-69.78,-77.73,7.196
p1,1764322224.7684,-7.205,-70.83,-78.63,7.012
p1,1764322224.8379,7.357,-72.12,-79.57,6.593
p1,1764322224.8897,1.517,-69.97,-77.52,6.72
p1,1764322224.8902,6.094,-69.15,-78.56,8.882
p1,1764322224.9069,-7.073,-65.41,-78.25,12.61
p1,1764322224.9084,4.283,-66.8,-76.82,9.563
p1,1764322224.9252,-5.648,-68.53,-77.4,8.271
p1,1764322224.9264,6.057,-67.11,-78.78,11.36
p1,1764322224.9602,6.835,-70.67,-78.24,6.733
p1,1764322224.9794,-0.5484,-68.82,-77.54,8.095
p1,1764322224.9799,-4.591,-71,-78.43,6.554
p1,1764322224.9974,3.971,-65.62,-77.26,11.34
p1,1764322225.0152,-4.635,-67.99,-77.42,8.903
p1,1764322225.0159,-6.033,-66.27,-78.69,12.17
p1,1764322225.0334,3.682,-70.5,-77.74,6.324
p1,1764322225.0889,7.565,-65.51,-78.79,13.08
p1,1764322225.0897,-1.266,-65.33,-77.89,12.32
p1,1764322225.1094,7.104,-70.75,-78.43,6.86
p1,1764322225.1279,-7.138,-63.74,-78.44,14.55
p1,1764322225.2229,4.287,-69.65,-78.76,8.543
p1,1764322225.2239,2.065,-65.16,-77.59,12.17
p1,1764322225.2819,6.375,-70.02,-78.55,7.865
p1,1764322225.2824,-5.155,-69.93,-77.68,6.952
p1,1764322225.3029,-7.177,-71.61,-78.76,6.216
p1,1764322225.3229,7.6,-64.33,-78.6,14.1
p1,1764322225.3232,-2.164,-67.07,-77.16,9.64
p1,1764322225.3617,-5.551,-61.85,-78.58,16.64
p1,1764322225.3637,-5.497,-63.21,-77.27,13.89
p1,1764322225.3819,5.901,-63.88,-78.89,14.87
p1,1764322225.3832,4.322,-64.46,-77.59,12.91
p1,1764322225.4209,7.572,-68.47,-78.21,9.251
p1,1764322225.4602,1.875,-62.77,-77.14,14.22
p1,1764322225.4607,4.326,-66.74,-78.41,11.36
p1,1764322225.4949,5.028,-65.83,-77.97,11.86
p1,1764322225.4967,-4.774,-68.64,-77.22,7.927
p1,1764322225.5304,3.891,-65.97,-76.89,10.55
p1,1764322225.6454,-6.747,-71.01,-78.64,6.805
p1,1764322225.7044,-5.075,-64.8,-78.32,13.33
p1,1764322225.7192,3.501,-64.31,-77.3,12.77
p1,1764322225.7194,-4.488,-65.74,-78.44,12.46
p1,1764322225.7339,-6.523,-58.97,-78.76,19.75
p1,1764322225.7347,-5.6,-59.73,-77.28,17.47
p1,1764322225.7494,5.562,-61.37,-78.27,16.81
p1,1764322225.7497,5.552,-61.42,-78.51,17.01
p1,1764322225.7632,-4.736,-67.79,-78.29,10.1
p1,1764322225.7644,3.615,-68.1,-78.38,9.851
p1,1764322225.7782,-1.788,-65.04,-77.44,12.14
p1,1764322225.7784,7.792,-68.77,-78.34,9.059
p1,1764322225.8082,-2.193,-69.52,-78.01,7.826
p1,1764322225.8367,-4.333,-69.57,-78.47,8.296
p1,1764322225.8519,6.287,-57.61,-78.64,21
p1,1764322225.8539,-5.148,-58.58,-77.69,19.06
p1,1764322225.8672,5.075,-64.31,-77.92,13.42
p1,1764322225.8692,-6.709,-66.08,-78.95,12.64
p1,1764322225.8834,2.216,-67.53,-77.86,9.906
p1,1764322225.8837,-7.593,-66.38,-78.96,12.34
p1,1764322225.8997,0.5095,-70.32,-77.82,6.65
p1,1764322225.9007,6.68,-70.8,-78.94,7.415
p1,1764322225.9162,-5.083,-69.22,-78.76,9.031
p1,1764322225.9489,-4.706,-63.87,-77.75,13.7
p1,1764322225.9844,-5.6,-64.75,-78.25,13.3
p1,1764322225.9849,-6.741,-63.46,-79.2,15.63
p1,1764322226.0022,-2.622,-70.63,-77.83,6.28
p1,1764322226.0042,4.328,-71.03,-79,7.216
p1,1764322226.0224,-7.461,-61.8,-78.99,17.1
p1,1764322226.0229,2.259,-62.3,-77.61,15.18
p1,1764322226.1172,2.377,-68.73,-77.76,8.456
p1,1764322226.1189,-7.538,-69.11,-78.6,8.971
p1,1764322226.1364,-3.474,-69.68,-77.62,7.181
p1,1764322226.1372,7.514,-70.81,-79.16,7.662
p1,1764322226.1544,-2.279,-68.47,-77.52,8.477
p1,1764322226.1549,-4.733,-70.44,-78.81,7.693
p1,1764322226.1722,4.653,-69.74,-78.89,8.584
p1,1764322226.1729,4.443,-69.59,-78.02,7.755
p1,1764322226.1902,-5.84,-69.69,-78.73,8.461
p1,1764322226.2087,3.486,-69.83,-77.76,7.164
p1,1764322226.2259,-6.728,-70.56,-79.09,7.879
p1,1764322226.2264,4.218,-69.59,-77.73,7.417
p1,1764322226.2972,-7.105,-70.72,-79.02,7.602
p1,1764322226.3317,-3.685,-68.93,-78.12,8.637
p1,1764322226.3337,-4.458,-68.64,-79.2,10.16
p1,1764322226.3699,-5.128,-67.2,-77.55,9.934
p1,1764322226.3704,6.329,-66.35,-78.73,12.12
p1,1764322226.3887,4.228,-64.82,-79.61,14.64
p1,1764322226.3889,-2.684,-63.66,-77.56,13.72
p1,1764322226.4052,-5.892,-68.53,-79.27,10.35
p1,1764322226.4072,5.867,-70.77,-78.02,6.338
p1,1764322226.4257,-5.166,-70.46,-79.07,7.967
p1,1764322226.4417,-7.272,-69.82,-79.17,8.815
p1,1764322226.4599,3.058,-61.76,-77.17,15.28
p1,1764322226.4604,-6.317,-61.6,-78.63,16.94
p1,1764322226.4964,-7.157,-67.92,-79.45,11.21
p1,1764322226.4967,3.586,-69.58,-77.74,7.45
p1,1764322226.5132,-6.44,-72.25,-79.71,6.596
p1,1764322226.5144,-4.187,-70.74,-78.4,6.85
p1,1764322226.5317,5.525,-72.82,-79.82,6.038
p1,1764322226.5492,6.611,-70.85,-79.03,7.472
p1,1764322226.5679,5.029,-71.77,-78.84,6.119
p1,1764322226.5839,-1.753,-69.32,-77.52,7.489
p1,1764322226.6367,5.293,-65.93,-77.55,11.3
p1,1764322226.6377,-6.74,-66.02,-78.87,12.61
p1,1764322226.8112,5.929,-72.01,-79.13,6.181
p1,1764322227.0317,1.859,-70.44,-77.8,6.473
p1,1764322227.0319,-6.727,-67.75,-78.41,10.27
p1,1764322227.0487,6.019,-66.91,-78.26,11.02
p1,1764322227.2852,-2.362,-68.34,-77.27,8.336
p1,1764322227.3167,5.456,-71.5,-79.19,6.881
p1,1764322227.8579,3.08,-67.96,-77.36,8.873
p1,1764322227.8762,2.742,-70.23,-77.32,6.143
p1,1764322227.9127,2.32,-68.61,-76.61,7.251
p1,1764322227.9134,-4.662,-68.37,-77.89,9.004
p1,1764322227.9694,5.523,-69.17,-78.96,9.319
p1,1764322227.9702,2.234,-69.44,-77.59,7.425
p1,1764322227.9887,5.822,-71.44,-78.85,6.539
p1,1764322228.1169,-5.922,-70.64,-78.89,7.544
p1,1764322228.2879,4.306,-69.9,-77.57,6.863
p1,1764322228.2897,-5.677,-68.39,-78.59,9.762
p1,1764322229.0432,-3.904,-69.04,-76.56,6.683
p1,1764322229.6709,-4.671,-70.42,-78.16,6.935
p1,1764322229.6729,-3.112,-69.21,-77.97,8.148
p1,1764322254.2512,5.233,-68.16,-76.97,8.192
p1,1764322254.2514,5.151,-67.82,-76.87,8.475
p1,1764322255.0449,6.465,-68.6,-76.06,6.606
p1,1764322255.2081,7.23,-67.41,-75.12,6.904
p1,1764322255.2091,-3.836,-67.55,-74.88,6.44
p1,1764322255.2684,7.155,-65.45,-74.93,8.965
p1,1764322255.2694,5.504,-65.09,-74.81,9.231
p1,1764322255.3212,5.494,-67.41,-74.51,6.147
p1,1764322255.4891,5.129,-66.89,-73.98,6.136
p1,1764322255.6497,-3.958,-65.04,-73.54,7.849
p1,1764322255.6502,-3.938,-64.85,-73.71,8.257
p1,1764322255.8737,-3.847,-65.01,-74.69,9.188
p1,1764322255.8742,3.155,-64.51,-73.89,8.839
p1,1764322255.9857,2.753,-67.93,-75.58,6.824
p1,1764322255.9867,-6.359,-67.67,-75.41,6.942
p1,1764322256.0006,3.923,-69.39,-76.5,6.168
p1,1764322256.0374,-6.321,-65.27,-74.59,8.789
p1,1764322256.5394,5.512,-65.47,-73.06,6.763
G,1764322258,13.069075,-16.747463333,17.4
C,1764322260.004,5,0
C,1764322280.006,4,0
C,1764322300.005,5,0
G,1764322318,13.069075,-16.747463333,17.5
C,1764322320.004,4,0
C,1764322359.071,5,0
G,1764322378,13.069075,-16.747463333,17.4
C,1764322379.071,4,0
C,1764322419.075,5,0
G,1764322438,13.069075,-16.747463333,17.5
C,1764322439.074,4,0
